batch,case,q,phase,completed_calls,started_calls,generate_s,evaluate_s,wall_s,historical_reuses,peak_mib,status
FINAL_smoke,case_002,1,baseline_1,1,1,0,1.5627027999998973,2.11575940000057,0,55.5546875,complete
FINAL_smoke,case_002,1,search_1,16,16,0.7225074000007226,16.978681399999914,18.3475856999994,6,54.9375,complete
FINAL_smoke,case_002,2,baseline_1,1,1,0,0.46168500000021595,0.9631569000002855,0,55.04296875,complete
FINAL_smoke,case_002,2,search_1,16,16,1.0253859999993438,8.858005299998695,10.575046399999337,6,55.265625,complete
FINAL_smoke,case_002,3,baseline_1,1,1,0,0.5363613999998051,1.0329195999993317,0,55.03515625,complete
FINAL_smoke,case_002,3,search_1,17,17,1.6419320000004518,9.896358699998927,12.294073099999878,6,55.89453125,complete
FINAL_full,case_014,1,baseline_1,1,1,0,1466.0005538000005,1468.0863739999995,0,761.11328125,complete
FINAL_full,case_014,2,baseline_1,1,1,0,16.237241800000447,17.66388949999964,0,759.8125,complete
FINAL_full,case_014,3,baseline_1,0,0,0,0,1.505360699999983,1,246.93359375,complete
FINAL_full,case_020,1,baseline_1,1,1,0,6.8688304999996035,7.219956899999488,0,122.76953125,complete
FINAL_full,case_020,2,baseline_1,1,,,1.173115499999767,,0,122.234375,stopped_duplicate_attempt; successful journal retained
FINAL_full,case_030,1,baseline_1,1,1,0,25.77340340000046,26.248805700000048,0,203.78515625,complete
FINAL_full,case_030,2,baseline_1,1,1,0,3.281163700000434,3.730169399999795,0,203.265625,complete
FINAL_full,case_030,3,baseline_1,1,1,0,3.1541901999999027,3.6896139000000403,0,203.71484375,complete
FINAL_full,case_031,1,baseline_1,1,1,0,7.2773944999999,7.652684599999702,0,138.20703125,complete
FINAL_full,case_043,1,baseline_1,1,1,0,12.475068400000055,12.887590999999702,0,176.84765625,complete
FINAL_full,case_043,2,baseline_1,1,1,0,1.87872520000019,2.3366969000007884,0,176.46875,complete
FINAL_full,case_043,3,baseline_1,1,1,0,1.9050931000001583,2.282953500000076,0,176.17578125,complete
FINAL_full,case_056,1,baseline_1,1,1,0,8.773146300000008,9.131103900000198,0,147.75,complete
FINAL_full,case_056,2,baseline_1,1,1,0,2.1900096999997913,2.58239390000017,0,147.1015625,complete
FINAL_full,case_056,3,baseline_1,1,1,0,1.948355300000003,2.305152299999463,0,147.45703125,complete
FINAL_full,case_062,1,baseline_1,1,,,129.50229510000008,,0,400.75390625,stopped_duplicate_attempt; successful journal retained
FINAL_full,case_063,1,baseline_1,1,1,0,11.164179600000352,11.52491259999988,0,159.93359375,complete
FINAL_full,case_063,2,baseline_1,1,1,0,2.451011500000277,2.871265599999788,0,157.7734375,complete
FINAL_full,case_063,3,baseline_1,1,1,0,2.62062590000005,3.047312600000623,0,158.078125,complete
FINAL_full,case_067,1,baseline_1,1,1,0,32.8500010000007,33.24701879999975,0,195.7578125,complete
FINAL_full,case_067,2,baseline_1,1,1,0,3.6079509999999573,3.9621679000001677,0,196.0625,complete
FINAL_full,case_067,3,baseline_1,1,1,0,3.4875138999996125,3.82082150000042,0,195.3671875,complete
FINAL_full,case_072,1,baseline_1,1,1,0,992.1308106999995,993.7193563999999,0,608.59765625,complete
FINAL_full,case_072,2,baseline_1,1,1,0,14.77868060000037,15.812651000000187,0,608.609375,complete
FINAL_full,case_072,3,baseline_1,1,1,0,14.619828800000505,15.634023599999637,0,608.62109375,complete
FINAL_full,case_075,1,baseline_1,1,1,0,7.8396843000000445,8.19362749999982,0,147.04296875,complete
FINAL_full,case_075,2,baseline_1,1,1,0,1.9937281000002258,2.3253708000002007,0,146.54296875,complete
FINAL_full,case_075,3,baseline_1,1,1,0,2.320389100000284,2.7106856999998854,0,146.5546875,complete
FINAL_full,case_084,1,baseline_1,1,1,0,28.9146424999999,29.38747069999954,0,229.90625,complete
FINAL_full,case_084,2,baseline_1,1,1,0,4.664828500000112,5.171557800000301,0,226.91015625,complete
FINAL_full,case_084,3,baseline_1,1,1,0,4.499725000000581,4.919642300000305,0,226.22265625,complete
FINAL_full,case_085,1,baseline_1,1,1,0,63.079408599999624,63.84116740000081,0,344.86328125,complete
FINAL_full,case_085,2,baseline_1,1,1,0,19.024231499999587,19.682299499999317,0,341.70703125,complete
FINAL_full,case_085,3,baseline_1,1,1,0,9.844895299999735,10.561444199999642,0,341.51171875,complete
FINAL_full,case_087,1,baseline_1,1,1,0,273.50919280000016,274.5212578999999,0,520.52734375,complete
FINAL_full,case_087,2,baseline_1,1,1,0,13.764523599999848,14.643995399999767,0,519.7421875,complete
FINAL_full,case_087,3,baseline_1,1,1,0,13.889049100000193,14.800654100000429,0,519.83984375,complete
FINAL_full,case_097,1,baseline_1,1,,,12.50608849999935,,0,158.7265625,stopped_duplicate_attempt; successful journal retained
FINAL_full,case_099,1,baseline_1,1,1,0,9.28569779999998,9.65000229999987,0,140.80078125,complete
FINAL_full,case_099,2,baseline_1,1,1,0,1.563967699999921,1.9381999000006545,0,140.64453125,complete
FINAL_full,case_099,3,baseline_1,1,1,0,1.4747385000000577,1.8832689999999275,0,140.8828125,complete
FINAL_accelerated,case_001,1,baseline_1,1,1,0,0.17939949999981764,0.4193734000000404,0,35.28125,complete
FINAL_accelerated,case_001,1,search_1,12,12,0.14939020000201708,2.170817899999747,2.6687079000002996,6,36.359375,complete
FINAL_accelerated,case_001,2,baseline_1,1,1,0,0.10415229999944131,0.32667769999989105,0,35.328125,complete
FINAL_accelerated,case_001,2,search_1,4,4,0.27305539999906614,0.4569197000000713,1.0933739999991303,6,33.91015625,complete
FINAL_accelerated,case_001,3,baseline_1,1,1,0,0.10961939999924653,0.3591685999999754,0,35.234375,complete
FINAL_accelerated,case_001,3,search_1,4,4,0.33514610000111134,0.46236899999985326,1.1583448999999746,6,33.96875,complete
FINAL_accelerated,case_003,1,baseline_1,1,1,0,28.760307500000636,29.391914400000132,0,244.546875,complete
FINAL_accelerated,case_003,1,search_1,16,16,43.520957100002306,670.1998831999981,714.8993129,6,391.50390625,complete
FINAL_accelerated,case_003,2,baseline_1,1,1,0,5.6482773999996425,6.211232599999676,0,245.05859375,complete
FINAL_accelerated,case_003,2,search_1,16,16,22.601820800001406,115.62041950000093,139.75206759999946,6,372.23046875,complete
FINAL_accelerated,case_003,3,baseline_1,1,1,0,5.518892099999903,6.060564299999896,0,244.13671875,complete
FINAL_accelerated,case_003,3,search_1,28,28,30.73641889999999,197.930070899999,230.65105070000027,6,412.87109375,complete
FINAL_accelerated,case_004,1,baseline_1,1,1,0,0.20522660000006,0.4954017999998541,0,37.41015625,complete
FINAL_accelerated,case_004,1,search_1,8,8,0.14658480000070995,1.3795707000008406,1.873990699999922,6,35.8203125,complete
FINAL_accelerated,case_004,2,baseline_1,1,1,0,0.1130366999996113,0.4077748999998221,0,36.9453125,complete
FINAL_accelerated,case_004,2,search_1,4,4,0.2214895000033721,0.5091137999997954,1.048900899999353,6,36.0859375,complete
FINAL_accelerated,case_004,3,baseline_1,1,1,0,0.14613780000036058,0.4013046000000031,0,37.28515625,complete
FINAL_accelerated,case_004,3,search_1,4,4,0.2716838000014832,0.5458742000000711,1.175726599999507,6,35.9375,complete
FINAL_accelerated,case_005,1,baseline_1,1,1,0,2.1159130999994886,2.408886299999722,0,88.1171875,complete
FINAL_accelerated,case_005,1,search_1,16,16,5.563737699999365,50.732027999999445,56.94539370000075,6,139.1796875,complete
FINAL_accelerated,case_005,2,baseline_1,1,1,0,0.7339357000000746,1.0139611000004152,0,87.953125,complete
FINAL_accelerated,case_005,2,search_1,16,16,2.8952470000003814,21.630640200000926,25.27754879999975,6,117.23828125,complete
FINAL_accelerated,case_005,3,baseline_1,1,1,0,0.8302862000000459,1.1743091000007553,0,87.5703125,complete
FINAL_accelerated,case_005,3,search_1,28,28,3.5673385000000053,34.15984110000227,38.53488279999965,6,129.1171875,complete
FINAL_accelerated,case_007,1,baseline_1,1,1,0,2.6918894000000364,2.9244248999993943,0,98.9453125,complete
FINAL_accelerated,case_007,1,search_1,12,12,0.6686965999988388,32.40004409999892,33.599030099999254,6,86.9765625,complete
FINAL_accelerated,case_007,2,baseline_1,1,1,0,1.0408056999995097,1.33257279999998,0,98.7421875,complete
FINAL_accelerated,case_007,2,search_1,4,4,1.2556682999993427,2.896046099999694,4.617480099999739,6,86.015625,complete
FINAL_accelerated,case_007,3,baseline_1,1,1,0,1.0787562000004982,1.379496200000176,0,98.6484375,complete
FINAL_accelerated,case_007,3,search_1,4,4,1.4723263999958363,2.948005500000363,4.961179400000219,6,86.01953125,complete
FINAL_accelerated,case_008,1,baseline_1,1,1,0,0.3176117000002705,0.5940441000002465,0,44.109375,complete
FINAL_accelerated,case_008,1,search_1,8,8,0.2068345000016052,2.007327900000746,2.568953299999521,6,40.19921875,complete
FINAL_accelerated,case_008,2,baseline_1,1,1,0,0.16521749999992608,0.3928765000000567,0,44.08203125,complete
FINAL_accelerated,case_008,2,search_1,4,4,0.2786759999999049,0.6462373000003936,1.2664089999998396,6,41.15625,complete
FINAL_accelerated,case_008,3,baseline_1,1,1,0,0.2509242999994967,0.48408440000002884,0,43.96875,complete
FINAL_accelerated,case_008,3,search_1,4,4,0.38303569999789033,0.7521249999999782,1.5124669999995604,6,40.8984375,complete
FINAL_accelerated,case_009,1,baseline_1,1,1,0,4.742778499999986,5.114561700000195,0,117.36328125,complete
FINAL_accelerated,case_009,1,search_1,16,16,7.526485200000934,112.62419129999944,120.89477119999992,6,166.78515625,complete
FINAL_accelerated,case_009,2,baseline_1,1,1,0,1.3104702999999063,1.6408165000002555,0,117.421875,complete
FINAL_accelerated,case_009,2,search_1,16,16,2.876875400001154,23.81054210000093,27.525049699999727,6,136.09765625,complete
FINAL_accelerated,case_009,3,baseline_1,1,1,0,1.3558177000004434,1.6673240999998598,0,117.37109375,complete
FINAL_accelerated,case_009,3,search_1,28,28,4.25538890000189,41.75693109999702,47.03752800000075,6,152.37109375,complete
FINAL_accelerated,case_010,1,baseline_1,1,1,0,0.13740409999991243,0.38298630000008416,0,33.53125,complete
FINAL_accelerated,case_010,1,search_1,16,16,0.16658869999901071,2.167617099999916,2.7042437999998583,6,33.828125,complete
FINAL_accelerated,case_010,2,baseline_1,1,1,0,0.08157849999952305,0.3151212000002488,0,33.77734375,complete
FINAL_accelerated,case_010,2,search_1,16,16,0.13490859999910754,1.8330380000015793,2.3288714999998774,6,34.80078125,complete
FINAL_accelerated,case_010,3,baseline_1,1,1,0,0.08391490000030899,0.308932800000548,0,33.6875,complete
FINAL_accelerated,case_010,3,search_1,28,28,0.20923399999901449,3.303789799999322,3.9631775999996535,6,36.33203125,complete
FINAL_accelerated,case_011,1,baseline_1,1,1,0,0.16935799999919254,0.41246010000031674,0,34.76953125,complete
FINAL_accelerated,case_011,1,search_1,8,8,0.11501309999948717,1.308865800001513,1.772154500000397,6,36.53125,complete
FINAL_accelerated,case_011,2,baseline_1,1,1,0,0.09846169999946142,0.3304945999998381,0,34.7265625,complete
FINAL_accelerated,case_011,2,search_1,9,9,0.1798241999995298,1.3431927000010546,1.8892888999998831,6,45.609375,complete
FINAL_accelerated,case_011,3,baseline_1,1,1,0,0.10438520000025164,0.3434867999994822,0,34.578125,complete
FINAL_accelerated,case_011,3,search_1,18,18,0.2079118000001472,2.8735808999990695,3.4735117999998693,6,46.296875,complete
FINAL_accelerated,case_012,1,baseline_1,1,1,0,0.2890103999998246,0.5478980999996566,0,40.82421875,complete
FINAL_accelerated,case_012,1,search_1,16,16,0.22166309999920486,3.69503000000077,4.350967100000162,6,38.984375,complete
FINAL_accelerated,case_012,2,baseline_1,1,1,0,0.153443199999856,0.4256005000006553,0,40.8515625,complete
FINAL_accelerated,case_012,2,search_1,16,16,0.1760552000005191,2.6708944999991218,3.2363021000001027,6,43.828125,complete
FINAL_accelerated,case_012,3,baseline_1,1,1,0,0.1496420000003127,0.41045889999986684,0,40.86328125,complete
FINAL_accelerated,case_012,3,search_1,28,28,0.2637140000033469,5.090133499998956,5.795339899999817,6,44.6796875,complete
FINAL_accelerated,case_013,1,baseline_1,1,1,0,1.1924983999997494,1.4410523000005924,0,64.1328125,complete
FINAL_accelerated,case_013,1,search_1,12,12,0.3679308000000674,10.482825699999921,11.30859060000057,6,63.33203125,complete
FINAL_accelerated,case_013,2,baseline_1,1,1,0,0.49952510000002803,0.7684293000002071,0,63.80859375,complete
FINAL_accelerated,case_013,2,search_1,4,4,0.7398223999998663,1.5050007999998343,2.6272253999995883,6,59.453125,complete
FINAL_accelerated,case_013,3,baseline_1,1,1,0,0.47439140000005864,0.7438388000000486,0,63.38671875,complete
FINAL_accelerated,case_013,3,search_1,4,4,0.9961681999939174,1.7357767999992575,3.14087230000041,6,59.50390625,complete
FINAL_accelerated,case_015,1,baseline_1,1,1,0,0.27272530000027473,0.5032663000001776,0,42.10546875,complete
FINAL_accelerated,case_015,1,search_1,16,16,0.2716740999994727,4.12325509999846,4.766230199999882,6,40.7109375,complete
FINAL_accelerated,case_015,2,baseline_1,1,1,0,0.14172730000063893,0.38106280000010884,0,41.875,complete
FINAL_accelerated,case_015,2,search_1,16,16,0.20866379999915807,3.0574742999970113,3.6593880000000354,6,44.4765625,complete
FINAL_accelerated,case_015,3,baseline_1,1,1,0,0.1272276999998212,0.35030920000008337,0,41.96484375,complete
FINAL_accelerated,case_015,3,search_1,28,28,0.30909909999900265,5.635957499999677,6.424094199999672,6,46.3828125,complete
FINAL_accelerated,case_016,1,baseline_1,1,1,0,51.43028849999973,52.05870520000008,0,271.6953125,complete
FINAL_accelerated,case_016,1,search_1,16,16,9.853048999999373,868.2101104000012,879.2067098000007,6,373.71875,complete
FINAL_accelerated,case_016,2,baseline_1,1,1,0,10.200460900000508,10.7734375,0,271.96875,complete
FINAL_accelerated,case_016,2,search_1,16,16,8.6518320999985,96.34601410000141,106.23431170000003,6,349.546875,complete
FINAL_accelerated,case_016,3,baseline_1,1,1,0,9.851804300000367,10.458562499999971,0,272.296875,complete
FINAL_accelerated,case_016,3,search_1,25,25,14.780854000002364,159.38921899999877,175.8146439000011,6,384.07421875,complete
FINAL_accelerated,case_017,1,baseline_1,1,1,0,0.47042289999990317,0.7533187999997608,0,48.921875,complete
FINAL_accelerated,case_017,1,search_1,15,15,0.17047139999885985,3.978813200001241,4.473241800000324,6,45.63671875,complete
FINAL_accelerated,case_017,2,baseline_1,1,1,0,0.24035769999954937,0.49401469999975234,0,48.8984375,complete
FINAL_accelerated,case_017,2,search_1,16,16,0.2127383999986705,3.2439029999968625,3.910143799999787,6,49.93359375,complete
FINAL_accelerated,case_017,3,baseline_1,1,1,0,0.2276957999993101,0.4735244000003149,0,49.0625,complete
FINAL_accelerated,case_017,3,search_1,28,28,0.25428089999877557,5.455930299999636,6.2129039000001285,6,52.18359375,complete
FINAL_accelerated,case_018,1,baseline_1,1,1,0,1.6985539999996035,2.1242729000005056,0,73.33203125,complete
FINAL_accelerated,case_018,1,search_1,12,12,0.454115799999272,13.459558599998672,14.35721569999987,6,68.78125,complete
FINAL_accelerated,case_018,2,baseline_1,1,1,0,0.3354819000005591,0.5492912999998225,0,73.20703125,complete
FINAL_accelerated,case_018,2,search_1,16,16,0.7854885000006107,9.62199800000053,10.910241900000074,6,83.21484375,complete
FINAL_accelerated,case_018,3,baseline_1,1,1,0,0.36449850000008155,0.5641899000002013,0,73.3828125,complete
FINAL_accelerated,case_018,3,search_1,28,28,1.2033324999993056,18.365321300001597,20.223177699999724,6,84.40234375,complete
FINAL_accelerated,case_019,1,baseline_1,1,1,0,0.12913340000068274,0.37433489999966696,0,33.44140625,complete
FINAL_accelerated,case_019,1,search_1,16,16,0.1457321999978376,1.8754787000016222,2.382314299999962,6,33.03125,complete
FINAL_accelerated,case_019,2,baseline_1,1,1,0,0.06433569999990141,0.3458052999994834,0,33.1640625,complete
FINAL_accelerated,case_019,2,search_1,16,16,0.109958000000006,1.5731654000028357,2.0585174999996525,6,34.61328125,complete
FINAL_accelerated,case_019,3,baseline_1,1,1,0,0.0837296999998216,0.3243836999999985,0,33.1796875,complete
FINAL_accelerated,case_019,3,search_1,28,28,0.16872879999755241,2.862203100001352,3.4695292000005793,6,35.9296875,complete
FINAL_accelerated,case_020,1,baseline_1,1,1,0,6.559793100000206,6.844787899999574,0,123.16796875,complete
FINAL_accelerated,case_020,1,search_1,16,16,0.9712112999995952,39.656157299999904,41.37985420000041,6,117.08984375,complete
FINAL_accelerated,case_020,2,baseline_1,1,1,0,1.146867200000088,1.4738822999997865,0,122.09375,complete
FINAL_accelerated,case_020,2,search_1,4,4,1.422894000001179,3.778887399999803,5.785271099999591,6,111.359375,complete
FINAL_accelerated,case_020,3,baseline_1,1,1,0,1.2253226000002542,1.5556447999997545,0,122.328125,complete
FINAL_accelerated,case_020,3,search_1,4,4,1.4673811999991813,3.618609099999958,5.726554899999428,6,111.6015625,complete
FINAL_accelerated,case_021,1,baseline_1,1,1,0,3.8016878000007637,4.093918499999745,0,107.75390625,complete
FINAL_accelerated,case_021,1,search_1,8,8,0.5910361999995075,16.68913370000155,17.796160599999894,6,92.7734375,complete
FINAL_accelerated,case_021,2,baseline_1,1,1,0,1.1516409000005297,1.4893621999999596,0,107.02734375,complete
FINAL_accelerated,case_021,2,search_1,16,16,3.2025465999995504,25.112599500000215,28.942306799999642,6,145.5390625,complete
FINAL_accelerated,case_021,3,baseline_1,1,1,0,1.2324535999996442,1.5092961999998806,0,107.22265625,complete
FINAL_accelerated,case_021,3,search_1,28,28,5.282413399999314,48.77419319999717,54.93424429999959,6,161.6953125,complete
FINAL_accelerated,case_022,1,baseline_1,1,1,0,0.3361615999992864,0.6106927000000724,0,46.23828125,complete
FINAL_accelerated,case_022,1,search_1,16,16,0.216495900001064,4.149476199999299,4.764745499999663,6,43.265625,complete
FINAL_accelerated,case_022,2,baseline_1,1,1,0,0.1668937000004007,0.43415750000076514,0,46.01953125,complete
FINAL_accelerated,case_022,2,search_1,16,16,0.18181449999883625,3.1416199000013876,3.7106086000003415,6,48.63671875,complete
FINAL_accelerated,case_022,3,baseline_1,1,1,0,0.2054889999999432,0.46547170000030746,0,45.96875,complete
FINAL_accelerated,case_022,3,search_1,28,28,0.30422359999920445,6.130218000002969,6.885348100000556,6,51.3046875,complete
FINAL_accelerated,case_023,1,baseline_1,1,1,0,0.2585906000003888,0.5349507000000813,0,40.30859375,complete
FINAL_accelerated,case_023,1,search_1,16,16,0.18754810000154976,3.145333000001301,3.7526034000002255,6,38.765625,complete
FINAL_accelerated,case_023,2,baseline_1,1,1,0,0.12249619999965944,0.3476266999996369,0,39.93359375,complete
FINAL_accelerated,case_023,2,search_1,16,16,0.14647290000084467,2.5510015999989264,3.138356599999497,6,42.34765625,complete
FINAL_accelerated,case_023,3,baseline_1,1,1,0,0.13611579999997048,0.36479529999996885,0,40.12109375,complete
FINAL_accelerated,case_023,3,search_1,28,28,0.22074890000021696,4.447958700001436,5.108578899999884,6,43.40625,complete
FINAL_accelerated,case_024,1,baseline_1,1,1,0,4.520049499999914,4.8645722000001115,0,112.43359375,complete
FINAL_accelerated,case_024,1,search_1,16,16,2.552776599999561,112.12825210000301,115.39540299999953,6,144.01171875,complete
FINAL_accelerated,case_024,2,baseline_1,1,1,0,1.346422900000107,1.666129700000056,0,112.03125,complete
FINAL_accelerated,case_024,2,search_1,16,16,2.1346539999995002,23.165357799999583,26.10290139999961,6,134.15625,complete
FINAL_accelerated,case_024,3,baseline_1,1,1,0,1.2935339000005115,1.5945757999998023,0,112.359375,complete
FINAL_accelerated,case_024,3,search_1,25,25,3.5929920999997194,35.050623400001314,39.50521189999927,6,146.34765625,complete
FINAL_accelerated,case_025,1,baseline_1,1,1,0,181.47000050000042,182.1896431999994,0,398.11328125,complete
FINAL_accelerated,case_025,1,search_1,12,12,2.5576900000014575,576.0612190999964,579.8453522,6,332.578125,complete
FINAL_accelerated,case_025,2,baseline_1,0,0,0,0,1.0256569000002855,1,158.25390625,complete
FINAL_accelerated,case_025,2,search_1,3,3,6.940840599994772,15.38942809999935,23.43027400000028,8,322.8828125,complete
FINAL_accelerated,case_025,3,baseline_1,1,1,0,11.691225399999894,12.401703499999712,0,397.33203125,complete
FINAL_accelerated,case_025,3,search_1,4,4,9.695580499999778,22.433316300001025,33.19641149999916,6,340.69921875,complete
FINAL_accelerated,case_026,1,baseline_1,1,1,0,0.12785230000008596,0.40356790000078036,0,33.734375,complete
FINAL_accelerated,case_026,1,search_1,16,16,0.15644909999991796,2.1204791999998633,2.6290636999992785,6,34.28125,complete
FINAL_accelerated,case_026,2,baseline_1,1,1,0,0.07845159999942553,0.32031320000078267,0,33.68359375,complete
FINAL_accelerated,case_026,2,search_1,16,16,0.15145440000196686,1.7858652999993865,2.3124270000007527,6,35.58203125,complete
FINAL_accelerated,case_026,3,baseline_1,1,1,0,0.07689879999998084,0.30289109999921493,0,33.71484375,complete
FINAL_accelerated,case_026,3,search_1,28,28,0.202994100001888,3.059384099999079,3.667074500000126,6,37.08984375,complete
FINAL_accelerated,case_027,1,baseline_1,1,1,0,0.6759944000004907,1.022903299999598,0,54.09375,complete
FINAL_accelerated,case_027,1,search_1,8,8,0.19198499999856722,2.852605400000357,3.398395999999593,6,51.59375,complete
FINAL_accelerated,case_027,2,baseline_1,1,1,0,0.20375420000073063,0.4182961999995314,0,53.7734375,complete
FINAL_accelerated,case_027,2,search_1,11,11,0.4545886999967479,3.145788400001038,3.9601902000003975,6,71.953125,complete
FINAL_accelerated,case_027,3,baseline_1,1,1,0,0.3402643999997963,0.6064735999998447,0,53.6328125,complete
FINAL_accelerated,case_027,3,search_1,20,20,0.564942300000439,5.837748799999645,6.7911965000002965,6,73.6640625,complete
FINAL_accelerated,case_028,1,baseline_1,1,1,0,268.6978439000004,269.49295099999927,0,413.99609375,complete
FINAL_accelerated,case_028,1,search_1,8,8,1.6192259999988892,191.2425645999956,193.92475120000017,6,340.6796875,complete
FINAL_accelerated,case_028,2,baseline_1,1,1,0,13.95407299999988,14.6482132000001,0,412.8203125,complete
FINAL_accelerated,case_028,2,search_1,16,16,15.279445800000758,132.80301850000433,149.54142769999999,6,666.984375,complete
FINAL_accelerated,case_028,3,baseline_1,1,1,0,13.68674319999991,14.308368100000735,0,412.51953125,complete
FINAL_accelerated,case_028,3,search_1,28,28,23.276191699995252,239.33543819999795,264.59531380000044,6,699.28125,complete
FINAL_accelerated,case_029,1,baseline_1,1,1,0,0.22921390000010433,0.4642431000002034,0,40.109375,complete
FINAL_accelerated,case_029,1,search_1,11,11,0.14495760000136215,1.631930799998372,2.1518950999998196,6,37.83203125,complete
FINAL_accelerated,case_029,2,baseline_1,1,1,0,0.19407300000057148,0.439948799999911,0,39.8125,complete
FINAL_accelerated,case_029,2,search_1,4,4,0.1618047999972987,0.5057163999990735,0.994175499999983,6,37.58984375,complete
FINAL_accelerated,case_029,3,baseline_1,1,1,0,0.19702409999990778,0.4389014999997016,0,40.0546875,complete
FINAL_accelerated,case_029,3,search_1,4,4,0.20529269999860844,0.5591201000006549,1.0839101000001392,6,37.5,complete
FINAL_accelerated,case_030,1,baseline_1,1,1,0,23.01783030000024,23.359594800000195,0,203.65234375,complete
FINAL_accelerated,case_030,1,search_1,12,12,1.5724818999997296,147.6451180999984,150.25923059999968,6,183.484375,complete
FINAL_accelerated,case_030,2,baseline_1,1,1,0,2.9144734999999855,3.2879971000002115,0,203.515625,complete
FINAL_accelerated,case_030,2,search_1,16,16,11.154625799999849,72.4137326,84.65797479999947,6,302.44921875,complete
FINAL_accelerated,case_030,3,baseline_1,1,1,0,3.094962099999975,3.488376199999948,0,203.3515625,complete
FINAL_accelerated,case_030,3,search_1,28,28,17.09097120000024,133.83982849999938,152.3019145999997,6,340.93359375,complete
FINAL_accelerated,case_031,1,baseline_1,1,1,0,6.772068500000387,7.104737300000124,0,138.671875,complete
FINAL_accelerated,case_031,1,search_1,12,12,0.9074372999994011,53.12991030000194,54.701076000000285,6,121.546875,complete
FINAL_accelerated,case_031,2,baseline_1,1,1,0,1.249742399999377,1.6524939999999333,0,138.265625,complete
FINAL_accelerated,case_031,2,search_1,16,16,4.071437599999626,25.619854600000508,30.39133909999964,6,187.65625,complete
FINAL_accelerated,case_031,3,baseline_1,1,1,0,1.3546822999996948,1.697786200000337,0,137.89453125,complete
FINAL_accelerated,case_031,3,search_1,28,28,5.658664700000372,46.772962999999436,53.35801360000005,6,197.65234375,complete
FINAL_accelerated,case_032,1,baseline_1,1,1,0,0.174152900000081,0.39865369999915856,0,37.12109375,complete
FINAL_accelerated,case_032,1,search_1,16,16,0.2052982000004704,2.703190999997787,3.288702999999259,6,38.35546875,complete
FINAL_accelerated,case_032,2,baseline_1,1,1,0,0.14506040000014764,0.4175255999998626,0,37.05078125,complete
FINAL_accelerated,case_032,2,search_1,16,16,0.16910010000174225,2.0585426999996344,2.548131800000192,6,40.9765625,complete
FINAL_accelerated,case_032,3,baseline_1,1,1,0,0.1321655000001556,0.4020797000002858,0,37.015625,complete
FINAL_accelerated,case_032,3,search_1,28,28,0.2921755000033954,4.389601000001676,5.134705499999654,6,42.76171875,complete
FINAL_accelerated,case_033,1,baseline_1,1,1,0,3.1574289000000135,3.481411699999626,0,94.91796875,complete
FINAL_accelerated,case_033,1,search_1,12,12,0.5874579000019367,23.934648700000253,25.014715299999807,6,83.75390625,complete
FINAL_accelerated,case_033,2,baseline_1,1,1,0,0.8070395000004282,1.1205280000003768,0,95.1484375,complete
FINAL_accelerated,case_033,2,search_1,16,16,3.4664005999993606,23.695852300001206,27.796683499999745,6,129.93359375,complete
FINAL_accelerated,case_033,3,baseline_1,1,1,0,0.9118020000005345,1.1884162000005745,0,94.90625,complete
FINAL_accelerated,case_033,3,search_1,28,28,5.20431820000249,45.59280590000253,51.54975190000005,6,141.78125,complete
FINAL_accelerated,case_034,1,baseline_1,1,1,0,3.119291500000145,3.4637839999995776,0,95.24609375,complete
FINAL_accelerated,case_034,1,search_1,12,12,0.5598329000013109,21.648920600000565,22.779551999999967,6,85.72265625,complete
FINAL_accelerated,case_034,2,baseline_1,1,1,0,0.9387305000000197,1.2587845999996716,0,94.453125,complete
FINAL_accelerated,case_034,2,search_1,16,16,0.5106585000012274,9.409925200000544,10.449960300000384,6,93.359375,complete
FINAL_accelerated,case_034,3,baseline_1,1,1,0,0.9631371000004947,1.26441480000085,0,94.26953125,complete
FINAL_accelerated,case_034,3,search_1,28,28,0.9789214999982505,25.093232700000954,26.77647849999994,6,101.078125,complete
FINAL_accelerated,case_035,1,baseline_1,1,1,0,2.2848204000001715,2.6045731999993222,0,83.35546875,complete
FINAL_accelerated,case_035,1,search_1,16,16,2.7480574999972305,44.4674976999986,47.81130520000079,6,110.40625,complete
FINAL_accelerated,case_035,2,baseline_1,1,1,0,0.6945628000003126,0.9833420999993905,0,83.46875,complete
FINAL_accelerated,case_035,2,search_1,16,16,1.5682991000021502,15.26358319999963,17.47743629999968,6,98.73046875,complete
FINAL_accelerated,case_035,3,baseline_1,1,1,0,0.7032938999991529,0.9792293000000427,0,83.84765625,complete
FINAL_accelerated,case_035,3,search_1,28,28,2.653330799998912,29.4252594999989,32.95891909999955,6,109.9375,complete
FINAL_accelerated,case_036,1,baseline_1,1,1,0,2.0558155999997325,2.4705094999999346,0,75.30859375,complete
FINAL_accelerated,case_036,1,search_1,12,12,0.5174563000009584,18.94062159999976,19.886746299999686,6,74.82421875,complete
FINAL_accelerated,case_036,2,baseline_1,1,1,0,0.6321747000001778,0.9578633999999511,0,74.75390625,complete
FINAL_accelerated,case_036,2,search_1,4,4,1.2980505000004996,2.0193687999999383,3.759686800000054,6,68.98046875,complete
FINAL_accelerated,case_036,3,baseline_1,1,1,0,0.7344923999999082,1.0835595999997167,0,74.80859375,complete
FINAL_accelerated,case_036,3,search_1,4,4,1.6527502000008099,2.090022499999577,4.235776299999998,6,68.85546875,complete
FINAL_accelerated,case_037,1,baseline_1,1,1,0,0.201444199999969,0.49748080000063055,0,36.125,complete
FINAL_accelerated,case_037,1,search_1,8,8,0.13350590000300144,1.587478999999803,2.0329259000000093,6,37.5859375,complete
FINAL_accelerated,case_037,2,baseline_1,1,1,0,0.11522289999993518,0.3938912000003256,0,36.03515625,complete
FINAL_accelerated,case_037,2,search_1,8,8,0.1878160000023854,1.1612574999999197,1.6916332000000693,6,38.703125,complete
FINAL_accelerated,case_037,3,baseline_1,1,1,0,0.12823699999989913,0.40032160000009753,0,36.23828125,complete
FINAL_accelerated,case_037,3,search_1,18,18,0.22905679999803397,2.724298500000259,3.364749800000027,6,40.58984375,complete
FINAL_accelerated,case_038,1,baseline_1,1,1,0,8.528054299999894,8.891628899999887,0,147.05078125,complete
FINAL_accelerated,case_038,1,search_1,12,12,0.8392074000030334,53.72824920000039,55.217673500000274,6,127.61328125,complete
FINAL_accelerated,case_038,2,baseline_1,1,1,0,1.5137530000001789,1.855032299999948,0,146.78515625,complete
FINAL_accelerated,case_038,2,search_1,16,16,5.137552799999867,34.040567300001385,39.89385880000009,6,187.7890625,complete
FINAL_accelerated,case_038,3,baseline_1,1,1,0,1.5585769999997865,1.9631061000000045,0,146.43359375,complete
FINAL_accelerated,case_038,3,search_1,28,28,7.697222399999191,68.07762289999664,76.79886379999971,6,210.6796875,complete
FINAL_accelerated,case_039,1,baseline_1,1,1,0,7.8568787000003795,8.194423699999788,0,129.19921875,complete
FINAL_accelerated,case_039,1,search_1,8,8,0.7525049999994735,44.532253799999125,45.89006599999993,6,112.0390625,complete
FINAL_accelerated,case_039,2,baseline_1,1,1,0,1.7217086000000563,2.0383226999992985,0,128.24609375,complete
FINAL_accelerated,case_039,2,search_1,16,16,5.891229399998338,37.372597499999756,44.047436100000596,6,178.20703125,complete
FINAL_accelerated,case_039,3,baseline_1,1,1,0,1.7908517000005304,2.101599000000533,0,128.890625,complete
FINAL_accelerated,case_039,3,search_1,28,28,10.025882199998705,74.42024780000247,85.45202770000014,6,200.92578125,complete
FINAL_accelerated,case_040,1,baseline_1,1,1,0,1.2738066000001709,1.5295318999997107,0,74.76171875,complete
FINAL_accelerated,case_040,1,search_1,16,16,2.1628654999985883,28.714714199999435,31.33361799999966,6,101.58984375,complete
FINAL_accelerated,case_040,2,baseline_1,1,1,0,0.5172638000003644,0.7940724999998565,0,74.00390625,complete
FINAL_accelerated,case_040,2,search_1,16,16,1.5233535000006668,10.510465599999407,12.636009699999704,6,89.06640625,complete
FINAL_accelerated,case_040,3,baseline_1,1,1,0,0.539346900000055,0.8330080000005182,0,74.5546875,complete
FINAL_accelerated,case_040,3,search_1,28,28,1.9511602000029598,19.305703000002723,21.926791500000036,6,97.328125,complete
FINAL_accelerated,case_041,1,baseline_1,1,1,0,143.2612041000002,143.95584700000018,0,373.703125,complete
FINAL_accelerated,case_041,1,search_1,12,12,1.5645921999985148,321.5748611000017,324.0999978999989,6,305.65234375,complete
FINAL_accelerated,case_041,2,baseline_1,1,1,0,6.237388900000042,6.6896155999993425,0,371.078125,complete
FINAL_accelerated,case_041,2,search_1,16,16,57.58505329999389,141.0034239000015,200.01601760000085,6,512.078125,complete
FINAL_accelerated,case_041,3,baseline_1,1,1,0,6.812249100000372,7.263869700000214,0,372.4296875,complete
FINAL_accelerated,case_041,3,search_1,28,28,74.28709309999795,228.76329760000226,304.7884148999983,6,581.21875,complete
FINAL_accelerated,case_042,1,baseline_1,1,1,0,5.9564791000002515,6.33800920000067,0,122.03125,complete
FINAL_accelerated,case_042,1,search_1,12,12,0.6605519000004278,33.887880200001746,35.13512660000015,6,103.84765625,complete
FINAL_accelerated,case_042,2,baseline_1,1,1,0,1.0968315000000075,1.3852723999998489,0,121.9609375,complete
FINAL_accelerated,case_042,2,search_1,16,16,3.437640299999657,26.910046900000452,31.071730599999682,6,154.24609375,complete
FINAL_accelerated,case_042,3,baseline_1,1,1,0,1.1926471000006131,1.501802900000257,0,122.01953125,complete
FINAL_accelerated,case_042,3,search_1,28,28,5.634750600000189,54.8890293000004,61.44292459999997,6,174.6796875,complete
FINAL_accelerated,case_043,1,baseline_1,1,1,0,11.551988100000017,11.95138549999956,0,177.12890625,complete
FINAL_accelerated,case_043,1,search_1,16,16,15.249304500001017,340.9786129000031,357.18402069999956,6,266.65625,complete
FINAL_accelerated,case_043,2,baseline_1,1,1,0,2.2735984999999346,2.7869795999995404,0,176.03515625,complete
FINAL_accelerated,case_043,2,search_1,16,16,9.554371099998207,64.15962630000104,74.83632410000064,6,254.671875,complete
FINAL_accelerated,case_043,3,baseline_1,1,1,0,2.144126799999867,2.5549621000000116,0,176.46875,complete
FINAL_accelerated,case_043,3,search_1,28,28,14.00016350000351,111.448197300002,127.04452849999961,6,280.19921875,complete
FINAL_accelerated,case_044,1,baseline_1,1,1,0,0.4617066999999224,0.7127281000002768,0,49.05859375,complete
FINAL_accelerated,case_044,1,search_1,8,8,0.19083790000240697,2.2976708999995026,2.8484951999998884,6,42.96875,complete
FINAL_accelerated,case_044,2,baseline_1,1,1,0,0.24010859999998502,0.4696499000001495,0,48.76953125,complete
FINAL_accelerated,case_044,2,search_1,16,16,0.47253269999873737,4.499700000000303,5.430691300000035,6,50.859375,complete
FINAL_accelerated,case_044,3,baseline_1,1,1,0,0.2424137999996674,0.4838519000004453,0,48.90234375,complete
FINAL_accelerated,case_044,3,search_1,28,28,0.5601455000005444,7.579157699999087,8.62034870000025,6,54.33203125,complete
FINAL_accelerated,case_045,1,baseline_1,1,1,0,0.38930250000066735,0.6356316999999763,0,46.6015625,complete
FINAL_accelerated,case_045,1,search_1,16,16,0.1812568999994255,3.067332799999349,3.6049143999998705,6,45.4921875,complete
FINAL_accelerated,case_045,2,baseline_1,1,1,0,0.1677084000002651,0.4110072000003129,0,46.33203125,complete
FINAL_accelerated,case_045,2,search_1,4,4,0.2390241999992213,0.5944295999997848,1.165254200000163,6,44.125,complete
FINAL_accelerated,case_045,3,baseline_1,1,1,0,0.1744922999996561,0.4239720000005036,0,46.625,complete
FINAL_accelerated,case_045,3,search_1,4,4,0.2914436000010028,0.6126833999996961,1.2254110999992918,6,44.23046875,complete
FINAL_accelerated,case_046,1,baseline_1,1,1,0,0.2745285999999396,0.5565877000008186,0,40.9765625,complete
FINAL_accelerated,case_046,1,search_1,10,10,0.2336647999991328,2.7081766000001153,3.3408504999997604,6,45.32421875,complete
FINAL_accelerated,case_046,2,baseline_1,1,1,0,0.1637855999997555,0.39812679999977263,0,40.97265625,complete
FINAL_accelerated,case_046,2,search_1,16,16,0.31720509999922797,3.043626499998936,3.747146800000337,6,44.71484375,complete
FINAL_accelerated,case_046,3,baseline_1,1,1,0,0.18628850000004604,0.4268539000004239,0,40.95703125,complete
FINAL_accelerated,case_046,3,search_1,27,27,0.4807645000018965,5.685289300001386,6.6132244000000355,6,46.64453125,complete
FINAL_accelerated,case_047,1,baseline_1,1,1,0,27.177592700000787,27.741121300000486,0,242.2734375,complete
FINAL_accelerated,case_047,1,search_1,16,16,42.141118199999255,544.4426891000012,587.7304168999999,9,399.3046875,complete
FINAL_accelerated,case_047,2,baseline_1,1,1,0,6.055561199999829,6.695362600000408,0,241.94921875,complete
FINAL_accelerated,case_047,2,search_1,16,16,17.216111400000045,100.42486269999881,119.20660800000041,6,348.78515625,complete
FINAL_accelerated,case_047,3,baseline_1,1,1,0,5.96136849999948,6.5737120000003415,0,242.5234375,complete
FINAL_accelerated,case_047,3,search_1,28,28,23.59704950000014,180.38999950000198,205.9387983000006,6,388.546875,complete
FINAL_accelerated,case_048,1,baseline_1,1,1,0,0.5486542999997255,0.9416343000002598,0,51.234375,complete
FINAL_accelerated,case_048,1,search_1,16,16,1.0208787999990818,14.461199100000158,15.90800390000004,6,73.40234375,complete
FINAL_accelerated,case_048,2,baseline_1,1,1,0,0.28192809999927704,0.5320050000000265,0,51.1640625,complete
FINAL_accelerated,case_048,2,search_1,16,16,0.7885030999977971,5.770330599999397,6.9896358999994845,6,59.04296875,complete
FINAL_accelerated,case_048,3,baseline_1,1,1,0,0.2911258000003727,0.5296110000008412,0,51.0078125,complete
FINAL_accelerated,case_048,3,search_1,28,28,1.2096017000003485,11.042758599999615,12.810731900000064,6,63.625,complete
FINAL_accelerated,case_049,1,baseline_1,1,1,0,2.1474137999994127,2.39165150000008,0,91.4296875,complete
FINAL_accelerated,case_049,1,search_1,16,16,4.618945000001986,60.46383760000208,65.65049259999978,6,138.05078125,complete
FINAL_accelerated,case_049,2,baseline_1,1,1,0,0.6528434000001653,0.8780154000005496,0,91.40234375,complete
FINAL_accelerated,case_049,2,search_1,16,16,2.895233099999132,21.828774599998724,25.43675609999991,6,120.2890625,complete
FINAL_accelerated,case_049,3,baseline_1,1,1,0,0.8347937000007732,1.0809423000000606,0,91.36328125,complete
FINAL_accelerated,case_049,3,search_1,28,28,4.069355600004201,39.87259129999802,44.87034500000027,6,132.87109375,complete
FINAL_accelerated,case_050,1,baseline_1,1,1,0,2.5297547000000122,2.8102522999997746,0,94.03515625,complete
FINAL_accelerated,case_050,1,search_1,16,16,5.146655299998201,60.78388369999993,66.59381589999975,6,140.73828125,complete
FINAL_accelerated,case_050,2,baseline_1,1,1,0,0.7237237999997888,0.9513373000008869,0,93.52734375,complete
FINAL_accelerated,case_050,2,search_1,16,16,2.995091400000092,22.993731700000353,26.679566999999224,6,120.82421875,complete
FINAL_accelerated,case_050,3,baseline_1,1,1,0,1.0447056000002704,1.3567146999994293,0,93.66796875,complete
FINAL_accelerated,case_050,3,search_1,28,28,4.0170029999981125,38.4012859000004,43.40133109999988,6,134.18359375,complete
FINAL_accelerated,case_051,1,baseline_1,1,1,0,0.3231443999993644,0.6016462999996293,0,44.39453125,complete
FINAL_accelerated,case_051,1,search_1,16,16,0.48305270000037126,7.720630699999674,8.584261500000139,6,53.23828125,complete
FINAL_accelerated,case_051,2,baseline_1,1,1,0,0.18147589999989577,0.42716029999974126,0,44.39453125,complete
FINAL_accelerated,case_051,2,search_1,16,16,0.3389707999986058,3.2371913999986646,3.9878818000006504,6,49.99609375,complete
FINAL_accelerated,case_051,3,baseline_1,1,1,0,0.16732709999996587,0.42103489999954036,0,43.984375,complete
FINAL_accelerated,case_051,3,search_1,25,25,0.669375299999956,6.220859400000336,7.329049099999793,6,52.90234375,complete
FINAL_accelerated,case_052,1,baseline_1,1,1,0,0.35152689999995346,0.5895026999996844,0,42.33984375,complete
FINAL_accelerated,case_052,1,search_1,12,12,0.1924872999998115,3.0248027000006914,3.6188782999997784,6,39.265625,complete
FINAL_accelerated,case_052,2,baseline_1,1,1,0,0.1664612999993551,0.45317309999973077,0,42.2109375,complete
FINAL_accelerated,case_052,2,search_1,16,16,0.21427900000071531,2.6597223999988273,3.295599399999446,6,41.046875,complete
FINAL_accelerated,case_052,3,baseline_1,1,1,0,0.1642373000004227,0.43077639999955863,0,42.48828125,complete
FINAL_accelerated,case_052,3,search_1,28,28,0.266490200005137,5.135956000001897,5.853935899999669,6,42.87109375,complete
FINAL_accelerated,case_053,1,baseline_1,1,1,0,20.119700700000067,20.57101690000036,0,225.9765625,complete
FINAL_accelerated,case_053,1,search_1,16,16,23.69827129999885,529.0749483000018,553.7981123,6,326.55078125,complete
FINAL_accelerated,case_053,2,baseline_1,1,1,0,2.3966867999997703,2.8655536999995093,0,226.5546875,complete
FINAL_accelerated,case_053,2,search_1,16,16,16.583661799996662,90.96847279999929,108.88947399999961,6,313.48046875,complete
FINAL_accelerated,case_053,3,baseline_1,1,1,0,2.1200569999991785,2.577243400000043,0,226.40234375,complete
FINAL_accelerated,case_053,3,search_1,28,28,22.580978300002243,131.0334447999976,155.13752049999948,6,361.67578125,complete
FINAL_accelerated,case_054,1,baseline_1,1,1,0,40.414393299999574,41.015920599999845,0,277.3515625,complete
FINAL_accelerated,case_054,1,search_1,16,16,54.96771379999791,672.4608272999994,728.5591129000004,6,456.5078125,complete
FINAL_accelerated,case_054,2,baseline_1,1,1,0,7.088518900000054,7.702318399999967,0,278.12109375,complete
FINAL_accelerated,case_054,2,search_1,16,16,23.263438500005577,115.11371659999895,139.7858326000005,6,425.41015625,complete
FINAL_accelerated,case_054,3,baseline_1,1,1,0,7.812006200000724,8.42712610000035,0,277.76171875,complete
FINAL_accelerated,case_054,3,search_1,28,28,31.641044600000896,192.51205730000765,225.81294739999976,6,471.546875,complete
FINAL_accelerated,case_055,1,baseline_1,1,1,0,0.3408914999999979,0.5834613999995781,0,44.515625,complete
FINAL_accelerated,case_055,1,search_1,14,14,0.1978079999998954,3.218550000000505,3.7863157000001593,6,41.95703125,complete
FINAL_accelerated,case_055,2,baseline_1,1,1,0,0.163456799999949,0.41137159999925643,0,44.64453125,complete
FINAL_accelerated,case_055,2,search_1,16,16,0.2046991999977763,3.2911990999982663,3.8906877000008535,6,49.16796875,complete
FINAL_accelerated,case_055,3,baseline_1,1,1,0,0.17961860000013985,0.43632219999926747,0,44.4609375,complete
FINAL_accelerated,case_055,3,search_1,28,28,0.2495394000025044,5.546086999996987,6.238694699999542,6,52.359375,complete
FINAL_accelerated,case_056,1,baseline_1,1,1,0,8.174449599999207,8.493410300000505,0,147.76171875,complete
FINAL_accelerated,case_056,1,search_1,16,16,15.770943999999872,246.20667310000044,262.8389287,7,233.50390625,complete
FINAL_accelerated,case_056,2,baseline_1,1,1,0,1.606203600000299,1.8907652999996571,0,147.375,complete
FINAL_accelerated,case_056,2,search_1,16,16,10.561268699998436,59.242395500001294,70.93347250000079,6,202.96484375,complete
FINAL_accelerated,case_056,3,baseline_1,1,1,0,1.6375873999995747,1.9149086000006719,0,147.40625,complete
FINAL_accelerated,case_056,3,search_1,28,28,13.09161679999852,104.74176960000023,119.2171244000001,6,225.08203125,complete
FINAL_accelerated,case_057,1,baseline_1,1,1,0,0.1904961000000185,0.4396743000006609,0,37.72265625,complete
FINAL_accelerated,case_057,1,search_1,16,16,0.2506647000000157,3.20259840000017,3.804144799999449,6,39.15625,complete
FINAL_accelerated,case_057,2,baseline_1,1,1,0,0.10484940000060305,0.3320542999999816,0,37.55859375,complete
FINAL_accelerated,case_057,2,search_1,16,16,0.18809280000095896,2.6498772000004465,3.2313158000006297,6,42.5546875,complete
FINAL_accelerated,case_057,3,baseline_1,1,1,0,0.11913379999987228,0.36009439999997994,0,37.78515625,complete
FINAL_accelerated,case_057,3,search_1,28,28,0.2763116000005539,4.78082909999921,5.473452700000053,6,44.25390625,complete
FINAL_accelerated,case_058,1,baseline_1,1,1,0,213.83327559999998,214.29106030000003,0,358.89453125,complete
FINAL_accelerated,case_058,1,search_1,8,8,1.664326299993263,264.19972510000116,266.6645435999999,6,303.53515625,complete
FINAL_accelerated,case_058,2,baseline_1,1,1,0,11.918841900000189,12.611794299999929,0,356.234375,complete
FINAL_accelerated,case_058,2,search_1,16,16,44.853109899997435,125.69345450000037,171.8990971000003,6,531.85546875,complete
FINAL_accelerated,case_058,3,baseline_1,1,1,0,11.912685799999963,12.553573999999571,0,355.875,complete
FINAL_accelerated,case_058,3,search_1,28,28,78.81745070000215,254.74696679999397,335.27091120000114,6,586.90625,complete
FINAL_accelerated,case_059,1,baseline_1,1,1,0,1.889299899999969,2.304904599999645,0,72.2734375,complete
FINAL_accelerated,case_059,1,search_1,8,8,0.3224828000011257,7.076775599998655,7.7881170999999085,6,71.828125,complete
FINAL_accelerated,case_059,2,baseline_1,1,1,0,0.7844260000001668,1.1889152999992803,0,72.4140625,complete
FINAL_accelerated,case_059,2,search_1,11,11,0.9965618000023824,7.299865300001329,8.819590099999914,6,108.17578125,complete
FINAL_accelerated,case_059,3,baseline_1,1,1,0,0.7602569000000585,1.1303477999999814,0,72.3984375,complete
FINAL_accelerated,case_059,3,search_1,18,18,1.3242924000005587,12.776318000000174,14.652178600000298,6,114.7109375,complete
FINAL_accelerated,case_060,1,baseline_1,1,1,0,5.772031000000425,6.084161099999619,0,126.46875,complete
FINAL_accelerated,case_060,1,search_1,12,12,0.721712599998682,38.426930199997514,39.709260699999504,6,110.0234375,complete
FINAL_accelerated,case_060,2,baseline_1,1,1,0,1.4190058999993198,1.7331676000003426,0,125.64453125,complete
FINAL_accelerated,case_060,2,search_1,16,16,5.207428200000322,28.351908699998603,34.26750489999995,6,170.7734375,complete
FINAL_accelerated,case_060,3,baseline_1,1,1,0,1.4439283000001524,1.789751399999659,0,125.578125,complete
FINAL_accelerated,case_060,3,search_1,28,28,7.669682899999316,58.79581530000269,67.33042849999947,6,177.11328125,complete
FINAL_accelerated,case_061,1,baseline_1,1,1,0,0.3069037000004755,0.5763778000000457,0,43.32421875,complete
FINAL_accelerated,case_061,1,search_1,16,16,0.19395109999823035,3.4911455000019487,4.034602700000505,6,40.6875,complete
FINAL_accelerated,case_061,2,baseline_1,1,1,0,0.15072549999968032,0.3953531999995903,0,43.125,complete
FINAL_accelerated,case_061,2,search_1,16,16,0.1793509000017366,2.907121000002917,3.483289099999638,6,42.62109375,complete
FINAL_accelerated,case_061,3,baseline_1,1,1,0,0.14322870000069088,0.37609410000004573,0,42.96484375,complete
FINAL_accelerated,case_061,3,search_1,28,28,0.26982740000130434,5.231718900001397,5.928765199999361,6,45.09765625,complete
FINAL_accelerated,case_062,1,baseline_1,1,1,0,140.08291379999991,141.49105059999965,0,400.71875,complete
FINAL_accelerated,case_062,1,search_1,16,16,4.407220599994616,711.5878842999991,717.2813485000006,6,353.0234375,complete
FINAL_accelerated,case_062,2,baseline_1,1,1,0,8.025962400000026,8.795106599999599,0,399.234375,complete
FINAL_accelerated,case_062,2,search_1,16,16,23.764675700000225,150.62627219999922,175.85920570000053,6,424.36328125,complete
FINAL_accelerated,case_062,3,baseline_1,1,1,0,9.078864500000236,9.906764800000019,0,400.6015625,complete
FINAL_accelerated,case_062,3,search_1,20,20,29.231690899998284,155.09816870000031,185.83254770000167,6,437.1171875,complete
FINAL_accelerated,case_063,1,baseline_1,1,1,0,10.088744399999996,10.393891599999733,0,159.57421875,complete
FINAL_accelerated,case_063,1,search_1,16,16,2.321638200000052,166.09759170000234,169.25467409999965,6,149.17578125,complete
FINAL_accelerated,case_063,2,baseline_1,1,1,0,1.8707780000004277,2.1686941999996634,0,158.0234375,complete
FINAL_accelerated,case_063,2,search_1,16,16,4.344220200000564,41.483557000000474,46.64781119999952,6,167.6796875,complete
FINAL_accelerated,case_063,3,baseline_1,1,1,0,1.858001200000217,2.1284385000008115,0,158.06640625,complete
FINAL_accelerated,case_063,3,search_1,20,20,6.390203900000415,45.381438499998694,52.69801659999939,6,172.07421875,complete
FINAL_accelerated,case_064,1,baseline_1,1,1,0,0.15267779999976483,0.39007519999995566,0,34.2421875,complete
FINAL_accelerated,case_064,1,search_1,16,16,0.5466182000027402,4.416043999998692,5.350922300000093,9,48.78515625,complete
FINAL_accelerated,case_064,2,baseline_1,1,1,0,0.0953308999996807,0.3444305000002714,0,34.23046875,complete
FINAL_accelerated,case_064,2,search_1,16,16,0.4315712000006897,2.5375509000014063,3.34381570000005,6,40.2578125,complete
FINAL_accelerated,case_064,3,baseline_1,1,1,0,0.0975812999995469,0.3422610999996323,0,34.39453125,complete
FINAL_accelerated,case_064,3,search_1,28,28,0.6135567000019364,4.692201200000454,5.7871891000004325,6,42.58203125,complete
FINAL_accelerated,case_065,1,baseline_1,1,1,0,0.15153900000041176,0.41052159999981086,0,35.2734375,complete
FINAL_accelerated,case_065,1,search_1,16,16,0.1298393999986729,2.1372998999977426,2.6537382999995316,6,34.28125,complete
FINAL_accelerated,case_065,2,baseline_1,1,1,0,0.08210369999960676,0.3296968000004199,0,35.27734375,complete
FINAL_accelerated,case_065,2,search_1,16,16,0.13009390000024723,1.85509920000095,2.3725752999998804,6,37.32421875,complete
FINAL_accelerated,case_065,3,baseline_1,1,1,0,0.10973180000019056,0.3507951999999932,0,35.04296875,complete
FINAL_accelerated,case_065,3,search_1,28,28,0.17856020000090211,3.277270800000224,3.870904800000062,6,38.140625,complete
FINAL_accelerated,case_066,1,baseline_1,1,1,0,4.718448699999499,5.1260816000003615,0,122.5703125,complete
FINAL_accelerated,case_066,1,search_1,16,16,8.933292100000472,132.86587630000122,142.4378703000002,6,186.984375,complete
FINAL_accelerated,case_066,2,baseline_1,1,1,0,1.2783744000007573,1.6195450000004712,0,122.203125,complete
FINAL_accelerated,case_066,2,search_1,16,16,5.156652500001655,34.42224619999888,40.373181800000566,6,173.25,complete
FINAL_accelerated,case_066,3,baseline_1,1,1,0,1.3082278999991104,1.6242373999994015,0,122.50390625,complete
FINAL_accelerated,case_066,3,search_1,28,28,7.693486500002109,62.308211499997924,71.01027009999962,6,190.88671875,complete
FINAL_accelerated,case_067,1,baseline_1,1,1,0,20.97558200000003,21.270268499999474,0,195.19921875,complete
FINAL_accelerated,case_067,1,search_1,8,8,1.0282592000003206,44.982258199999706,46.76914940000006,6,167.19140625,complete
FINAL_accelerated,case_067,2,baseline_1,1,1,0,3.565586699999585,3.947360399999525,0,195.73046875,complete
FINAL_accelerated,case_067,2,search_1,16,16,4.004910100001325,48.29067279999799,53.18431319999945,6,230.046875,complete
FINAL_accelerated,case_067,3,baseline_1,1,1,0,3.739602399999967,4.127545800000007,0,195.69921875,complete
FINAL_accelerated,case_067,3,search_1,28,28,6.467912899996918,89.08829969999806,96.82861959999991,6,255.953125,complete
FINAL_accelerated,case_068,1,baseline_1,1,1,0,3.7110321999998632,3.9656998000000385,0,117.7109375,complete
FINAL_accelerated,case_068,1,search_1,16,16,5.913352500003384,90.70102129999941,97.30614760000026,6,155.234375,complete
FINAL_accelerated,case_068,2,baseline_1,1,1,0,1.196280499999375,1.5784411000004184,0,117.53515625,complete
FINAL_accelerated,case_068,2,search_1,16,16,2.9621087999976226,24.66658009999992,28.2950393000001,6,140.1796875,complete
FINAL_accelerated,case_068,3,baseline_1,1,1,0,1.0848809999997684,1.4362299000003986,0,117.20703125,complete
FINAL_accelerated,case_068,3,search_1,28,28,4.600625099999888,48.15151750000041,53.76489929999934,6,155.1171875,complete
FINAL_accelerated,case_069,1,baseline_1,1,1,0,0.18751930000053108,0.4208166999997047,0,37.203125,complete
FINAL_accelerated,case_069,1,search_1,16,16,0.677921199998309,5.547780900000362,6.581671299999471,9,53.3515625,complete
FINAL_accelerated,case_069,2,baseline_1,1,1,0,0.10360169999967184,0.34168599999975413,0,37.125,complete
FINAL_accelerated,case_069,2,search_1,16,16,0.5160754000016823,3.4642315000000963,4.3470845000001646,6,45.2265625,complete
FINAL_accelerated,case_069,3,baseline_1,1,1,0,0.11140179999983957,0.3470191000005798,0,37.2734375,complete
FINAL_accelerated,case_069,3,search_1,28,28,0.7840183999987858,7.070817099999658,8.34364899999946,6,48.80859375,complete
FINAL_accelerated,case_070,1,baseline_1,1,1,0,0.3099746999996569,0.5614770000001954,0,43.5390625,complete
FINAL_accelerated,case_070,1,search_1,13,13,0.2119840999985172,3.471367099998133,4.048940200000288,6,42.125,complete
FINAL_accelerated,case_070,2,baseline_1,1,1,0,0.1890475999998671,0.438785999999709,0,43.5234375,complete
FINAL_accelerated,case_070,2,search_1,16,16,0.20300780000070517,2.8566116000001784,3.4731595000002926,6,44.34765625,complete
FINAL_accelerated,case_070,3,baseline_1,1,1,0,0.15534810000008292,0.4239047999999457,0,43.33984375,complete
FINAL_accelerated,case_070,3,search_1,28,28,0.2626263999991352,5.066329599999335,5.788492700000461,6,46.59765625,complete
FINAL_accelerated,case_071,1,baseline_1,1,1,0,0.1278746999996656,0.41573929999958636,0,33.8359375,complete
FINAL_accelerated,case_071,1,search_1,16,16,0.4604146000001492,3.7068787999987762,4.498985600000196,9,45.5,complete
FINAL_accelerated,case_071,2,baseline_1,1,1,0,0.07880450000084238,0.339635599999383,0,33.8203125,complete
FINAL_accelerated,case_071,2,search_1,16,16,0.36849680000250373,2.459997799998746,3.2424874999996973,6,39.09765625,complete
FINAL_accelerated,case_071,3,baseline_1,1,1,0,0.09355440000035742,0.35983390000001236,0,33.80859375,complete
FINAL_accelerated,case_071,3,search_1,28,28,0.5580171999981758,4.888872500003345,5.892141999999694,6,41.60546875,complete
FINAL_accelerated,case_073,1,baseline_1,1,1,0,6.738126299999749,7.6587475000005725,0,117.59375,complete
FINAL_accelerated,case_073,1,search_1,8,8,0.5609554000011485,14.163753599998927,15.26882469999964,6,99.71875,complete
FINAL_accelerated,case_073,2,baseline_1,1,1,0,1.3790703000004214,1.6897644999999102,0,117.28125,complete
FINAL_accelerated,case_073,2,search_1,16,16,1.7312128000012308,25.949747900000148,28.360913399999845,6,149.97265625,complete
FINAL_accelerated,case_073,3,baseline_1,1,1,0,1.4730661000003238,1.777961900000264,0,117.4765625,complete
FINAL_accelerated,case_073,3,search_1,28,28,2.484554400001798,40.225593899998785,43.587088700000095,6,157.04296875,complete
FINAL_accelerated,case_074,1,baseline_1,1,1,0,2.575466299999789,2.7985908000000563,0,93.69921875,complete
FINAL_accelerated,case_074,1,search_1,12,12,0.5034577999995236,21.499366599997302,22.515335199999754,6,84.453125,complete
FINAL_accelerated,case_074,2,baseline_1,1,1,0,0.4781818999999814,0.6947042000001602,0,92.69140625,complete
FINAL_accelerated,case_074,2,search_1,16,16,2.8909738000002108,18.693801300001724,22.16566209999928,6,124.58203125,complete
FINAL_accelerated,case_074,3,baseline_1,1,1,0,0.7261130999995657,1.0006916000002093,0,92.8125,complete
FINAL_accelerated,case_074,3,search_1,28,28,4.710868799998025,37.98819530000128,43.47244489999957,6,139.5703125,complete
FINAL_accelerated,case_075,1,baseline_1,1,1,0,7.56578189999982,7.839179599999625,0,147.21875,complete
FINAL_accelerated,case_075,1,search_1,16,16,12.282146599998669,345.2503921999996,358.5120858,6,233.18359375,complete
FINAL_accelerated,case_075,2,baseline_1,1,1,0,1.626979200000278,1.9072494000001825,0,146.98046875,complete
FINAL_accelerated,case_075,2,search_1,16,16,9.057756499999414,63.320885899999666,73.54538910000065,6,210.9609375,complete
FINAL_accelerated,case_075,3,baseline_1,1,1,0,1.6787928000003376,1.9602553000004264,0,146.5625,complete
FINAL_accelerated,case_075,3,search_1,28,28,12.172897399996145,101.47124370000256,115.05905949999942,6,233.1328125,complete
FINAL_accelerated,case_076,1,baseline_1,1,1,0,1133.9883689999997,1135.0841778000004,0,682.0234375,complete
FINAL_accelerated,case_076,1,search_1,12,12,3.4252082999973936,2497.242768100001,2502.4539738999993,6,577.4375,complete
FINAL_accelerated,case_076,2,baseline_1,1,1,0,11.972327100000257,13.062054299999545,0,682.08984375,complete
FINAL_accelerated,case_076,2,search_1,16,16,134.4188428999969,294.5786581999964,431.8751565999992,6,991.53125,complete
FINAL_accelerated,case_076,3,baseline_1,1,1,0,20.551146300000255,21.733045800000582,0,682.17578125,complete
FINAL_accelerated,case_076,3,search_1,28,28,216.5857981000081,570.3227315000058,790.7135887999993,6,1133.36328125,complete
FINAL_accelerated,case_077,1,baseline_1,1,1,0,3.2544385999999577,3.591591399999743,0,97.609375,complete
FINAL_accelerated,case_077,1,search_1,15,15,1.917224900000292,44.07217219999984,46.593292499999734,6,110.50390625,complete
FINAL_accelerated,case_077,2,baseline_1,1,1,0,1.0502034000001004,1.3463999999994485,0,97.2734375,complete
FINAL_accelerated,case_077,2,search_1,16,16,1.527280500001325,17.44520410000132,19.654410800000733,6,122.921875,complete
FINAL_accelerated,case_077,3,baseline_1,1,1,0,1.0716032999998788,1.3849904999997307,0,96.8046875,complete
FINAL_accelerated,case_077,3,search_1,28,28,2.204047100003663,30.803947700001117,33.8608406000003,6,131.37109375,complete
FINAL_accelerated,case_078,1,baseline_1,1,1,0,0.32570990000021993,0.5732362999997349,0,43.359375,complete
FINAL_accelerated,case_078,1,search_1,9,9,0.18548710000141,2.821735699999408,3.3613445999999385,6,45.33984375,complete
FINAL_accelerated,case_078,2,baseline_1,1,1,0,0.1530720000000656,0.3703378000000157,0,43.203125,complete
FINAL_accelerated,case_078,2,search_1,16,16,0.3545999000007214,3.491391300000032,4.247647500000312,6,46.85546875,complete
FINAL_accelerated,case_078,3,baseline_1,1,1,0,0.17126829999961046,0.3951999999999316,0,43.29296875,complete
FINAL_accelerated,case_078,3,search_1,28,28,0.5504249999994499,6.741747699998086,7.7524367999994865,6,49.859375,complete
FINAL_accelerated,case_079,1,baseline_1,1,1,0,358.68110890000025,359.3840436999999,0,425.7890625,complete
FINAL_accelerated,case_079,1,search_1,8,8,2.6837743000041883,637.2218604999998,641.4750954000001,6,346.4140625,complete
FINAL_accelerated,case_079,2,baseline_1,1,1,0,13.079208600000129,13.758638100000098,0,424.9140625,complete
FINAL_accelerated,case_079,2,search_1,16,16,40.12605649999932,156.50351620000038,198.11502389999987,6,630.26171875,complete
FINAL_accelerated,case_079,3,baseline_1,1,1,0,14.32530560000032,14.984948899999836,0,424.359375,complete
FINAL_accelerated,case_079,3,search_1,24,24,66.82591879999927,261.71883689999595,330.6298803999998,6,698.41015625,complete
FINAL_accelerated,case_080,1,baseline_1,1,1,0,0.36948430000029475,0.6134657000002335,0,44.81640625,complete
FINAL_accelerated,case_080,1,search_1,8,8,0.190804300002128,2.654688100000385,3.190904000000046,6,44.421875,complete
FINAL_accelerated,case_080,2,baseline_1,1,1,0,0.19145910000042932,0.4230398999998215,0,44.65234375,complete
FINAL_accelerated,case_080,2,search_1,12,12,0.40006300000095507,3.2562857000002623,4.0635177999993175,6,58.953125,complete
FINAL_accelerated,case_080,3,baseline_1,1,1,0,0.18687989999943966,0.43106129999978293,0,44.765625,complete
FINAL_accelerated,case_080,3,search_1,22,22,0.5785441000025457,6.51527950000127,7.539170099999865,6,60.6171875,complete
FINAL_accelerated,case_081,1,baseline_1,1,1,0,2.2659809000006135,2.528846600000179,0,94.57421875,complete
FINAL_accelerated,case_081,1,search_1,12,12,0.5827960000024177,13.43126139999822,14.541411100000005,6,82.0390625,complete
FINAL_accelerated,case_081,2,baseline_1,1,1,0,0.6723570000003747,0.9014900000001944,0,93.5390625,complete
FINAL_accelerated,case_081,2,search_1,4,4,0.7153769000042303,2.598881999999321,3.76157559999956,6,82.0078125,complete
FINAL_accelerated,case_081,3,baseline_1,1,1,0,0.9586990999996488,1.2775253999998313,0,93.5859375,complete
FINAL_accelerated,case_081,3,search_1,4,4,0.9039517999999589,2.7308981000005588,4.097131300000001,6,82.4765625,complete
FINAL_accelerated,case_082,1,baseline_1,1,1,0,2.418929499999649,2.7702445000004445,0,89.60546875,complete
FINAL_accelerated,case_082,1,search_1,16,16,4.415222000002359,66.84948630000054,71.88695699999971,6,138.71875,complete
FINAL_accelerated,case_082,2,baseline_1,1,1,0,0.8518410999995467,1.1701634999999442,0,89.36328125,complete
FINAL_accelerated,case_082,2,search_1,16,16,3.4077954000022146,22.527675100001034,26.62484080000013,6,130.56640625,complete
FINAL_accelerated,case_082,3,baseline_1,1,1,0,0.8297670000001744,1.157805599999847,0,89.48828125,complete
FINAL_accelerated,case_082,3,search_1,28,28,4.921739600001274,40.68392500000118,46.48343229999955,6,142.5546875,complete
FINAL_accelerated,case_083,1,baseline_1,1,1,0,2.821077900000091,3.057639200000267,0,96.390625,complete
FINAL_accelerated,case_083,1,search_1,8,8,0.5248173000009047,8.887689900000623,9.9662687,6,81.0859375,complete
FINAL_accelerated,case_083,2,baseline_1,1,1,0,1.09195869999985,1.3826584999997067,0,96.0859375,complete
FINAL_accelerated,case_083,2,search_1,16,16,1.3759080000018002,19.26837930000147,21.311187099999188,6,115.7734375,complete
FINAL_accelerated,case_083,3,baseline_1,1,1,0,1.1220821999995678,1.4441600999998627,0,96.11328125,complete
FINAL_accelerated,case_083,3,search_1,28,28,2.1446693000007144,36.74994219999917,39.68813500000033,6,129.02734375,complete
FINAL_accelerated,case_084,1,baseline_1,1,1,0,29.81506189999982,30.160160800000085,0,230.5234375,complete
FINAL_accelerated,case_084,1,search_1,12,12,2.1488569000002826,149.84795320000012,152.86488510000072,6,198.14453125,complete
FINAL_accelerated,case_084,2,baseline_1,1,1,0,4.658634500000517,5.177824800000053,0,227.1640625,complete
FINAL_accelerated,case_084,2,search_1,4,4,5.499995199998921,12.46906570000101,18.810296800000287,6,200.578125,complete
FINAL_accelerated,case_084,3,baseline_1,1,1,0,4.763670600000296,5.311901500000204,0,227.02734375,complete
FINAL_accelerated,case_084,3,search_1,4,4,7.513831499999469,12.292308699999921,20.71734860000015,6,200.4296875,complete
FINAL_accelerated,case_085,1,baseline_1,1,1,0,65.10415439999997,65.83295390000058,0,344.6484375,complete
FINAL_accelerated,case_085,1,search_1,16,16,70.02731820000281,1626.6204832000003,1698.4270972999993,6,570.2578125,complete
FINAL_accelerated,case_085,2,baseline_1,1,1,0,10.632714499999565,11.432270599999356,0,340.89453125,complete
FINAL_accelerated,case_085,2,search_1,16,16,44.68951260000085,191.98471730000074,238.53957199999968,6,550.27734375,complete
FINAL_accelerated,case_085,3,baseline_1,1,1,0,9.669296400000349,10.398007300000245,0,341.29296875,complete
FINAL_accelerated,case_085,3,search_1,28,28,80.67548570000508,363.3556347000049,446.803302100001,6,610.1640625,complete
FINAL_accelerated,case_086,1,baseline_1,1,1,0,3.7944354000001113,4.143123800000467,0,108.44140625,complete
FINAL_accelerated,case_086,1,search_1,16,16,8.12853769999856,86.41517030000068,95.24025470000015,9,170.203125,complete
FINAL_accelerated,case_086,2,baseline_1,1,1,0,1.0832838000005722,1.3756167999999889,0,107.12890625,complete
FINAL_accelerated,case_086,2,search_1,16,16,4.282417799999166,31.003163000000313,36.05640350000067,6,152.234375,complete
FINAL_accelerated,case_086,3,baseline_1,1,1,0,1.045910300000287,1.3751062000001184,0,106.96875,complete
FINAL_accelerated,case_086,3,search_1,28,28,5.722562999999354,55.90225030000147,62.567806299999575,6,166.57421875,complete
FINAL_accelerated,case_087,1,baseline_1,1,1,0,328.92469639999945,330.07848079999985,0,520.828125,complete
FINAL_accelerated,case_087,1,search_1,14,14,26.43716989999848,1475.4390442000004,1503.5525622999994,6,697.40625,complete
FINAL_accelerated,case_087,2,baseline_1,1,1,0,14.298515800000132,15.218794499999603,0,520.00390625,complete
FINAL_accelerated,case_087,2,search_1,16,16,135.4462547999974,294.7924184999956,433.06428159999996,6,771.640625,complete
FINAL_accelerated,case_087,3,baseline_1,1,1,0,14.337438399999883,15.282834300000104,0,519.61328125,complete
FINAL_accelerated,case_087,3,search_1,28,28,149.28004799999871,449.6645876999992,602.2965595999995,6,888.55859375,complete
FINAL_accelerated,case_088,1,baseline_1,1,1,0,1.243583899999976,1.4728950999997323,0,78.67578125,complete
FINAL_accelerated,case_088,1,search_1,16,16,2.8583241999995153,32.21514939999997,35.57670469999994,6,108.01953125,complete
FINAL_accelerated,case_088,2,baseline_1,1,1,0,0.4967040999999881,0.7829740000006495,0,78.5078125,complete
FINAL_accelerated,case_088,2,search_1,16,16,2.035965799999758,14.291234499999518,16.953867199999877,6,95.8203125,complete
FINAL_accelerated,case_088,3,baseline_1,1,1,0,0.49391490000016347,0.7763429000005999,0,78.62109375,complete
FINAL_accelerated,case_088,3,search_1,28,28,2.987576700000318,29.087532000001374,32.86935410000024,6,105.67578125,complete
FINAL_accelerated,case_089,1,baseline_1,1,1,0,3.0637054000007993,3.350837599999977,0,100.97265625,complete
FINAL_accelerated,case_089,1,search_1,8,8,0.6060528999987582,10.687767299999905,11.814837599999919,6,87.015625,complete
FINAL_accelerated,case_089,2,baseline_1,1,1,0,1.110504100000071,1.4011721999995643,0,99.65625,complete
FINAL_accelerated,case_089,2,search_1,4,4,0.791411700000026,3.023079000000507,4.330489799999668,6,88.12109375,complete
FINAL_accelerated,case_089,3,baseline_1,1,1,0,1.1057582000003094,1.4293105000006108,0,99.59765625,complete
FINAL_accelerated,case_089,3,search_1,4,4,0.9638396999989709,2.9633498000002874,4.4284781999995175,6,87.78125,complete
FINAL_accelerated,case_090,1,baseline_1,1,1,0,0.7842379000003348,1.0369474999997692,0,55.296875,complete
FINAL_accelerated,case_090,1,search_1,8,8,0.2033767999992051,2.813635800001066,3.39772290000019,6,50.66796875,complete
FINAL_accelerated,case_090,2,baseline_1,1,1,0,0.31449329999941256,0.5689198000000033,0,54.91796875,complete
FINAL_accelerated,case_090,2,search_1,16,16,0.5107297999984439,5.945421399999759,6.857283700000153,6,63.45703125,complete
FINAL_accelerated,case_090,3,baseline_1,1,1,0,0.35112970000045607,0.5928721000000223,0,55.23046875,complete
FINAL_accelerated,case_090,3,search_1,28,28,0.896439799997097,12.70924759999707,14.15918850000071,6,66.16796875,complete
FINAL_accelerated,case_091,1,baseline_1,1,1,0,1189.1260896000003,1190.6630557999997,0,720.36328125,complete
FINAL_accelerated,case_091,1,search_1,12,12,3.0682777000019996,2661.744151900002,2666.500149199999,6,601.54296875,complete
FINAL_accelerated,case_091,2,baseline_1,1,1,0,22.73979489999965,23.915743900000052,0,720.25390625,complete
FINAL_accelerated,case_091,2,search_1,16,16,196.4599096000038,302.71128820000195,501.7601983000004,6,1023.875,complete
FINAL_accelerated,case_091,3,baseline_1,1,1,0,22.351170099999763,23.484501199999613,0,719.87890625,complete
FINAL_accelerated,case_091,3,search_1,28,28,324.81489829999373,602.8491122000014,931.1733769000002,6,1157.84765625,complete
FINAL_accelerated,case_092,1,baseline_1,1,1,0,118.43231480000031,119.02907809999942,0,367.5078125,complete
FINAL_accelerated,case_092,1,search_1,8,8,1.6455601000016031,180.12710499999957,182.70181279999997,6,302.984375,complete
FINAL_accelerated,case_092,2,baseline_1,1,1,0,11.375007599999662,12.00856290000047,0,368.05859375,complete
FINAL_accelerated,case_092,2,search_1,16,16,7.897375999995347,79.7878823999963,88.83626259999983,6,501.19140625,complete
FINAL_accelerated,case_092,3,baseline_1,1,1,0,11.868553899999824,12.477179599999545,0,368.359375,complete
FINAL_accelerated,case_092,3,search_1,28,28,12.212415000001783,155.71593330000178,169.57073390000005,6,561.6796875,complete
FINAL_accelerated,case_093,1,baseline_1,1,1,0,0.16472890000022744,0.41714090000004944,0,33.8203125,complete
FINAL_accelerated,case_093,1,search_1,12,12,0.123034700000062,1.6061094999995476,2.067349899999499,6,34.60546875,complete
FINAL_accelerated,case_093,2,baseline_1,1,1,0,0.1007062999997288,0.3280978000002506,0,33.62890625,complete
FINAL_accelerated,case_093,2,search_1,4,4,0.1734418000041842,0.36070849999941856,0.8865502999997261,6,33.046875,complete
FINAL_accelerated,case_093,3,baseline_1,1,1,0,0.09867380000014236,0.32707570000002306,0,33.74609375,complete
FINAL_accelerated,case_093,3,search_1,4,4,0.19970610000109446,0.36628420000124606,0.8971219000004567,6,33.15234375,complete
FINAL_accelerated,case_094,1,baseline_1,1,1,0,0.13691780000044673,0.42422439999972994,0,34.38671875,complete
FINAL_accelerated,case_094,1,search_1,15,15,0.1320107999999891,1.8770243000026312,2.4118059000002177,6,33.2421875,complete
FINAL_accelerated,case_094,2,baseline_1,1,1,0,0.08807859999978973,0.3410563000006732,0,34.39453125,complete
FINAL_accelerated,case_094,2,search_1,16,16,0.12146089999805554,1.5904301999989912,2.0913645000000542,6,35.3203125,complete
FINAL_accelerated,case_094,3,baseline_1,1,1,0,0.08515179999994871,0.34065730000020267,0,34.23828125,complete
FINAL_accelerated,case_094,3,search_1,28,28,0.1684471999978996,2.713627300000553,3.345371499999601,6,36.4765625,complete
FINAL_accelerated,case_095,1,baseline_1,1,1,0,4.531161799999609,4.950400300000183,0,113.30859375,complete
FINAL_accelerated,case_095,1,search_1,8,8,0.8578412999995635,22.919269299998632,24.32283759999973,6,97.90234375,complete
FINAL_accelerated,case_095,2,baseline_1,1,1,0,1.4177925000003597,1.7328609999995024,0,113.60546875,complete
FINAL_accelerated,case_095,2,search_1,4,4,1.4583045000008497,3.2367255999997724,5.141703900000721,6,99.89453125,complete
FINAL_accelerated,case_095,3,baseline_1,1,1,0,1.5379204999999274,1.8653224999998201,0,113.78125,complete
FINAL_accelerated,case_095,3,search_1,4,4,2.6825541000025623,4.7626894999993965,8.07874769999944,6,99.734375,complete
FINAL_accelerated,case_096,1,baseline_1,1,1,0,0.26725920000080805,0.5537517000002481,0,41.2578125,complete
FINAL_accelerated,case_096,1,search_1,16,16,0.30804349999743863,4.016037900000811,4.741289500000676,6,41.31640625,complete
FINAL_accelerated,case_096,2,baseline_1,1,1,0,0.1390358999997261,0.41213750000042637,0,41.234375,complete
FINAL_accelerated,case_096,2,search_1,16,16,0.24608580000131042,2.7900591999978133,3.4630120000001625,6,43.18359375,complete
FINAL_accelerated,case_096,3,baseline_1,1,1,0,0.13647080000009737,0.3926332999999431,0,41.22265625,complete
FINAL_accelerated,case_096,3,search_1,28,28,0.30963190000056784,4.9923638000009305,5.7710871999997835,6,45.9453125,complete
FINAL_accelerated,case_097,1,baseline_1,1,1,0,12.672829699999966,13.019665499999974,0,158.875,complete
FINAL_accelerated,case_097,1,search_1,8,8,0.9371579999997266,46.0283728000004,47.61716929999966,6,143.81640625,complete
FINAL_accelerated,case_097,2,baseline_1,1,1,0,2.646084800000608,3.0073781000000963,0,158.58984375,complete
FINAL_accelerated,case_097,2,search_1,14,14,8.595673000004354,43.38378880000073,52.83954929999982,6,241.39453125,complete
FINAL_accelerated,case_097,3,baseline_1,1,1,0,2.655698599999596,3.003130500000225,0,158.44140625,complete
FINAL_accelerated,case_097,3,search_1,22,22,12.883912400000554,73.3475086999988,87.40918039999997,6,264.4609375,complete
FINAL_accelerated,case_098,1,baseline_1,1,1,0,0.3546059000000241,0.6408805999999458,0,45.75,complete
FINAL_accelerated,case_098,1,search_1,16,16,0.2702523999996629,4.339669400001185,4.943582700000661,6,45.1171875,complete
FINAL_accelerated,case_098,2,baseline_1,1,1,0,0.1857835000000705,0.45910619999995106,0,45.16796875,complete
FINAL_accelerated,case_098,2,search_1,16,16,0.20885660000021744,3.1481343000004927,3.762419800000316,6,47.4296875,complete
FINAL_accelerated,case_098,3,baseline_1,1,1,0,0.17036670000015874,0.401247499999954,0,45.52734375,complete
FINAL_accelerated,case_098,3,search_1,28,28,0.3097714999985328,5.472139100002096,6.217336400000022,6,51.08203125,complete
FINAL_accelerated,case_099,1,baseline_1,1,1,0,8.247068900000158,8.529272400000082,0,140.9375,complete
FINAL_accelerated,case_099,1,search_1,12,12,0.9466135000002396,60.205202799998915,61.82006209999963,6,132.40234375,complete
FINAL_accelerated,case_099,2,baseline_1,1,1,0,1.3728317999994033,1.7192095000000336,0,140.52734375,complete
FINAL_accelerated,case_099,2,search_1,16,16,4.618322399997851,41.37472649999836,46.9194150000003,6,201.19921875,complete
FINAL_accelerated,case_099,3,baseline_1,1,1,0,1.3790839000002961,1.717088800000056,0,140.3984375,complete
FINAL_accelerated,case_099,3,search_1,28,28,6.7459698999991815,69.868471400001,77.75687329999982,6,228.1875,complete
FINAL_accelerated,case_100,1,baseline_1,1,1,0,0.367597399999795,0.6301309999998921,0,47.875,complete
FINAL_accelerated,case_100,1,search_1,16,16,0.2373165999988487,4.364841800001159,4.997451000000183,6,46.453125,complete
FINAL_accelerated,case_100,2,baseline_1,1,1,0,0.1805978000002142,0.42036430000007385,0,47.671875,complete
FINAL_accelerated,case_100,2,search_1,16,16,0.20370609999827138,2.745634300000347,3.300359599999865,6,48.61328125,complete
FINAL_accelerated,case_100,3,baseline_1,1,1,0,0.18993150000005699,0.4233186999999816,0,47.796875,complete
FINAL_accelerated,case_100,3,search_1,28,28,0.2927283000017269,5.440755599998738,6.1908464999996795,6,51.703125,complete
FINAL_large,case_014,1,baseline_1,0,0,0,0,2.332775599999877,1,246.8203125,complete
FINAL_large,case_014,1,search_1,12,12,4.058893199997328,3381.8022447999983,3388.028269299999,6,637.203125,complete
FINAL_large,case_014,2,baseline_1,0,0,0,0,2.344975300000442,1,246.33984375,complete
FINAL_large,case_014,2,search_1,16,16,221.73807439999837,409.386470499996,634.3913195000005,6,1065.453125,complete
FINAL_large,case_014,3,baseline_1,0,0,0,0,2.386461500000223,1,246.640625,complete
FINAL_large,case_014,3,search_1,25,25,227.60214570000608,605.8253893000019,837.935239800001,9,1219.5390625,complete
FINAL_large,case_072,1,baseline_1,0,0,0,0,1.9922835999996096,1,209.94921875,complete
FINAL_large,case_072,1,search_1,12,12,3.1266961000001174,2173.906783299997,2179.3922213999995,6,499.265625,complete
FINAL_large,case_072,2,baseline_1,0,0,0,0,1.4905474000006507,1,210.12109375,complete
FINAL_large,case_072,2,search_1,16,16,149.6550210000005,332.97052170000006,485.87787930000013,6,851.125,complete
FINAL_large,case_072,3,baseline_1,0,0,0,0,1.5380040999998528,1,210.44921875,complete
FINAL_large,case_072,3,search_1,28,28,141.2798148999991,471.7538501000017,616.5982346000001,6,978.99609375,complete
