case,q,k,selected,effective_origin,seed_makespan,selected_makespan,cycles_saved,fraction_saved,added_copy_bytes
case_001,1,2,local,local,173100,116868,56232,0.3248526863084922,1152
case_001,1,3,local,local,126372,78545,47827,0.37846200107618777,2304
case_001,1,4,local,local,102300,58984,43316,0.4234213098729228,3456
case_001,1,5,local,local,88140,47502,40638,0.4610619469026549,4608
case_001,2,2,a2_b1,a2_b1,116868,116868,0,0.0,1152
case_001,2,3,a2_b1,a2_b1,78545,78545,0,0.0,2304
case_001,2,4,a2_b1,a2_b1,58984,58984,0,0.0,3456
case_001,2,5,a2_b1,a2_b1,47502,47502,0,0.0,4608
case_001,3,2,a2_b1,a2_b1,116868,116868,0,0.0,1152
case_001,3,3,a2_b1,a2_b1,78545,78545,0,0.0,2304
case_001,3,4,a2_b1,a2_b1,58984,58984,0,0.0,3456
case_001,3,5,a2_b1,a2_b1,47502,47502,0,0.0,4608
case_002,1,2,budget_0.05,budget_0.05,181748,158851,22897,0.12598212910183326,1026048
case_002,1,3,budget_0.05,budget_0.05,143444,117831,25613,0.1785574858481359,1029120
case_002,1,4,budget_0.05,budget_0.05,119055,91859,27196,0.22843223720129346,1029120
case_002,1,5,budget_0.05,budget_0.05,102410,78568,23842,0.2328092959671907,1032192
case_002,2,2,release_order_8,release_order_8,138182,137782,400,0.0028947330332460552,592896
case_002,2,3,a2_b1,a2_b1,94600,94600,0,0.0,755712
case_002,2,4,a2_b1,a2_b1,72564,72564,0,0.0,841728
case_002,2,5,a2_b1,a2_b1,59380,59380,0,0.0,872448
case_002,3,2,release_order_8,release_order_8,138182,137782,400,0.0028947330332460552,592896
case_002,3,3,a2_b1,a2_b1,94600,94600,0,0.0,755712
case_002,3,4,a2_b1,a2_b1,72564,72564,0,0.0,841728
case_002,3,5,a2_b1,a2_b1,59380,59380,0,0.0,872448
case_003,1,2,budget_0.10,budget_0.10,1066580,425911,640669,0.6006759924243845,9495954
case_003,1,3,budget_0.10,budget_0.10,751217,360291,390926,0.5203902467595914,9541328
case_003,1,4,inherit_previous_core,budget_0.10,620747,360291,260456,0.41958479058295894,9541328
case_003,1,5,inherit_previous_core,budget_0.10,544600,360291,184309,0.3384300403966214,9541328
case_003,2,2,a2_b1,a2_b1,320163,320163,0,0.0,5923466
case_003,2,3,a2_b1,a2_b1,252754,252754,0,0.0,8800080
case_003,2,4,traffic_price,traffic_price,241177,236552,4625,0.019176787172906162,7789266
case_003,2,5,traffic_price,traffic_price,255605,222873,32732,0.12805696289196222,8430748
case_003,3,2,cache_order_1,cache_order_1,318471,317546,925,0.002904503078773213,5923466
case_003,3,3,a2_b1,a2_b1,243478,243478,0,0.0,8800080
case_003,3,4,a2_b1,a2_b1,218303,218303,0,0.0,10329558
case_003,3,5,traffic_price,traffic_price,216091,206240,9851,0.0455872757310577,8430748
case_004,1,2,local,local,289507,199074,90433,0.3123689582635307,110592
case_004,1,3,local,local,263895,134043,129852,0.49205934178366395,221184
case_004,1,4,local,local,252303,104188,148115,0.5870520762733697,331776
case_004,1,5,local,local,247003,88341,158662,0.6423484735003219,442368
case_004,2,2,a2_b1,a2_b1,199074,199074,0,0.0,110592
case_004,2,3,a2_b1,a2_b1,134043,134043,0,0.0,221184
case_004,2,4,a2_b1,a2_b1,104188,104188,0,0.0,331776
case_004,2,5,a2_b1,a2_b1,88341,88341,0,0.0,442368
case_004,3,2,a2_b1,a2_b1,199074,199074,0,0.0,110592
case_004,3,3,a2_b1,a2_b1,134043,134043,0,0.0,221184
case_004,3,4,a2_b1,a2_b1,104188,104188,0,0.0,331776
case_004,3,5,a2_b1,a2_b1,88341,88341,0,0.0,442368
case_005,1,2,budget_0.10,budget_0.10,284787,90554,194233,0.6820290252012908,2061314
case_005,1,3,inherit_previous_core,budget_0.10,209007,90554,118453,0.5667417837680078,2061314
case_005,1,4,inherit_previous_core,budget_0.10,172933,90554,82379,0.47636367841880956,2061314
case_005,1,5,inherit_previous_core,budget_0.10,152077,90554,61523,0.40455164160260926,2061314
case_005,2,2,a2_b1,a2_b1,60339,60339,0,0.0,2100518
case_005,2,3,traffic_price,traffic_price,64983,59344,5639,0.08677654155702264,1762700
case_005,2,4,traffic_price,traffic_price,68347,55691,12656,0.18517272155325037,2200112
case_005,2,5,traffic_price,traffic_price,62894,53557,9337,0.14845613254046486,2245206
case_005,3,2,cache_order_1,cache_order_1,59743,58900,843,0.014110439716786938,2100518
case_005,3,3,traffic_price,traffic_price,60389,58245,2144,0.03550315454801367,1762700
case_005,3,4,cache_price,cache_price,60118,51275,8843,0.14709404837153595,2133456
case_005,3,5,traffic_price,traffic_price,53772,49333,4439,0.08255225768057728,2245206
case_006,1,2,budget_0.05,budget_0.05,52882,47700,5182,0.09799175522862225,243944
case_006,1,3,budget_0.05,budget_0.05,36156,33275,2881,0.0796824870007744,243944
case_006,1,4,budget_0.05,budget_0.05,28864,26549,2315,0.08020371396895787,243944
case_006,1,5,budget_0.05,budget_0.05,25955,23252,2703,0.10414178385667505,298862
case_006,2,2,a2_b1,a2_b1,40013,40013,0,0.0,60360
case_006,2,3,a2_b1,a2_b1,28172,28172,0,0.0,172384
case_006,2,4,a4_b0,a4_b0,22206,22187,19,0.0008556246059623351,536532
case_006,2,5,a2_b1,a2_b1,19598,19598,0,0.0,310456
case_006,3,2,a2_b1,a2_b1,40013,40013,0,0.0,60360
case_006,3,3,a2_b1,a2_b1,28169,28169,0,0.0,172384
case_006,3,4,a4_b0,a4_b0,21631,21525,106,0.004900374462576851,536532
case_006,3,5,cache_order_1,cache_order_1,18888,18615,273,0.01445362134688688,310456
case_007,1,2,local,local,659110,507494,151616,0.23003140598686111,27648
case_007,1,3,local,local,476830,338094,138736,0.29095484763962,55296
case_007,1,4,local,local,390534,254398,136136,0.3485893673790246,82944
case_007,1,5,local,local,365534,203834,161700,0.4423665103656568,110592
case_007,2,2,a2_b1,a2_b1,507494,507494,0,0.0,27648
case_007,2,3,a2_b1,a2_b1,338094,338094,0,0.0,55296
case_007,2,4,a2_b1,a2_b1,254398,254398,0,0.0,82944
case_007,2,5,a2_b1,a2_b1,203834,203834,0,0.0,110592
case_007,3,2,a2_b1,a2_b1,507494,507494,0,0.0,27648
case_007,3,3,a2_b1,a2_b1,338094,338094,0,0.0,55296
case_007,3,4,a2_b1,a2_b1,254398,254398,0,0.0,82944
case_007,3,5,a2_b1,a2_b1,203834,203834,0,0.0,110592
case_008,1,2,local,local,282320,244266,38054,0.13479030886936805,0
case_008,1,3,local,local,199304,163359,35945,0.1803526271424557,0
case_008,1,4,local,local,157796,123060,34736,0.22013232274582373,0
case_008,1,5,local,local,134736,100603,34133,0.2533324427027669,0
case_008,2,2,a2_b1,a2_b1,244266,244266,0,0.0,0
case_008,2,3,a2_b1,a2_b1,163359,163359,0,0.0,0
case_008,2,4,a2_b1,a2_b1,123060,123060,0,0.0,0
case_008,2,5,a2_b1,a2_b1,100603,100603,0,0.0,0
case_008,3,2,a2_b1,a2_b1,244266,244266,0,0.0,0
case_008,3,3,a2_b1,a2_b1,163359,163359,0,0.0,0
case_008,3,4,a2_b1,a2_b1,123060,123060,0,0.0,0
case_008,3,5,a2_b1,a2_b1,100603,100603,0,0.0,0
case_009,1,2,budget_0.05,budget_0.05,295167,99793,195374,0.661910037368676,602250
case_009,1,3,inherit_previous_core,budget_0.05,207154,99793,107361,0.5182666035896,602250
case_009,1,4,inherit_previous_core,budget_0.05,183578,99793,83785,0.4564000043578207,602250
case_009,1,5,inherit_previous_core,budget_0.05,161572,99793,61779,0.3823620429282302,602250
case_009,2,2,a2_b1,a2_b1,85594,85594,0,0.0,517094
case_009,2,3,a2_b1,a2_b1,64805,64805,0,0.0,772460
case_009,2,4,a4_b0,a4_b0,56022,55453,569,0.010156724144086304,914162
case_009,2,5,a4_b0,a4_b0,51946,51379,567,0.010915181149655395,864856
case_009,3,2,a2_b1,a2_b1,85594,85594,0,0.0,517094
case_009,3,3,a2_b1,a2_b1,64756,64756,0,0.0,772460
case_009,3,4,a4_b0,a4_b0,55558,55199,359,0.006461715684509928,914162
case_009,3,5,a4_b0,a4_b0,51696,50996,700,0.013540699473847062,864856
case_010,1,2,budget_0.05,budget_0.05,58108,51360,6748,0.11612858814621052,482672
case_010,1,3,budget_0.05,budget_0.05,40151,35637,4514,0.11242559338497171,503398
case_010,1,4,budget_0.05,budget_0.05,31928,28795,3133,0.09812703583061888,482672
case_010,1,5,budget_0.05,budget_0.05,29396,23710,5686,0.19342767723499799,503398
case_010,2,2,a2_b1,a2_b1,44343,44343,0,0.0,261472
case_010,2,3,traffic_price,traffic_price,30985,30122,863,0.027852186541875046,113236
case_010,2,4,a2_b1,a2_b1,23526,23526,0,0.0,298760
case_010,2,5,traffic_price,traffic_price,20201,19833,368,0.018216919954457733,347116
case_010,3,2,cache_order_1,cache_order_1,44343,44304,39,0.0008795074758135568,261472
case_010,3,3,traffic_price,traffic_price,30985,30104,881,0.028433112796514393,113236
case_010,3,4,a4_b0,a4_b0,23526,22556,970,0.04123097849188129,325896
case_010,3,5,cache_price,cache_price,19304,19300,4,0.00020721094073772317,347128
case_011,1,2,local,local,96300,92646,3654,0.03794392523364487,180224
case_011,1,3,local,local,72892,69625,3267,0.0448197333040663,1081344
case_011,1,4,local,local,49484,46880,2604,0.05262307008325928,540672
case_011,1,5,inherit_previous_core,local,49484,46880,2604,0.05262307008325928,540672
case_011,2,2,a2_b1,a2_b1,92646,92646,0,0.0,180224
case_011,2,3,traffic_price,traffic_price,69625,69625,0,0.0,540672
case_011,2,4,a2_b1,a2_b1,46880,46880,0,0.0,540672
case_011,2,5,traffic_price,traffic_price,47287,46777,510,0.010785205236111373,811008
case_011,3,2,a2_b1,a2_b1,92646,92646,0,0.0,180224
case_011,3,3,cache_order_2,cache_order_2,69625,69621,4,5.745062836626236e-05,1081344
case_011,3,4,a2_b1,a2_b1,46880,46880,0,0.0,540672
case_011,3,5,traffic_price,traffic_price,46777,46777,0,0.0,811008
case_012,1,2,budget_0.05,budget_0.05,40545,32065,8480,0.20915032679738566,69056
case_012,1,3,local,local,27891,23722,4169,0.14947474095586388,71040
case_012,1,4,budget_0.05,budget_0.05,22580,17882,4698,0.20806023029229403,69696
case_012,1,5,budget_0.05,budget_0.05,19350,15315,4035,0.20852713178294568,79960
case_012,2,2,release_order_4,release_order_4,29932,27957,1975,0.06598289456100492,51904
case_012,2,3,pipeline_finish,pipeline_finish,19227,18718,509,0.026473188744994047,76032
case_012,2,4,traffic_price,traffic_price,15816,15475,341,0.02156044511886701,63872
case_012,2,5,a2_b1,a2_b1,13956,13956,0,0.0,195190
case_012,3,2,release_order_4,release_order_4,29932,27957,1975,0.06598289456100492,51904
case_012,3,3,cache_order_1,cache_order_1,19227,18269,958,0.049825765850106674,62848
case_012,3,4,cache_price,cache_price,15816,15475,341,0.02156044511886701,63872
case_012,3,5,a2_b1,a2_b1,12938,12938,0,0.0,195190
case_013,1,2,local,local,186122,132198,53924,0.2897239445095152,8192
case_013,1,3,local,local,132658,88351,44307,0.3339941805243558,16384
case_013,1,4,local,local,108774,66982,41792,0.3842094618199202,24576
case_013,1,5,local,local,102984,54363,48621,0.47212188301095315,32768
case_013,2,2,a2_b1,a2_b1,132198,132198,0,0.0,8192
case_013,2,3,a2_b1,a2_b1,88351,88351,0,0.0,16384
case_013,2,4,a2_b1,a2_b1,66982,66982,0,0.0,24576
case_013,2,5,a2_b1,a2_b1,54363,54363,0,0.0,32768
case_013,3,2,a2_b1,a2_b1,132198,132198,0,0.0,8192
case_013,3,3,a2_b1,a2_b1,88351,88351,0,0.0,16384
case_013,3,4,a2_b1,a2_b1,66982,66982,0,0.0,24576
case_013,3,5,a2_b1,a2_b1,54363,54363,0,0.0,32768
case_014,1,2,local,local,9156471,8897730,258741,0.028257720687369647,71757240
case_014,1,3,local,local,6175981,5985661,190320,0.030816156979757592,77714952
case_014,1,4,local,local,4699204,4526524,172680,0.03674664900693825,81855384
case_014,1,5,local,local,3822600,3665839,156761,0.041008999110553,88683816
case_014,2,2,a4_b0,a4_b0,12497513,9224593,3272920,0.261885704779823,49096632
case_014,2,3,a4_b0,a4_b0,9139445,6082977,3056468,0.3344259963269104,54333960
case_014,2,4,a4_b0,a4_b0,7871876,4589404,3282472,0.416987259453782,45833112
case_014,2,5,a4_b0,a4_b0,7132110,3682323,3449787,0.48369795193848664,65525544
case_014,3,2,a4_b0,a4_b0,12496064,9176280,3319784,0.2656663730275389,49096632
case_014,3,3,a4_b0,a4_b0,9118147,6078533,3039614,0.33335874054234926,54333960
case_014,3,4,a4_b0,a4_b0,7822929,4567137,3255792,0.4161858045752429,45833112
case_014,3,5,a4_b0,a4_b0,7023469,3672085,3351384,0.4771693304263178,65525544
case_015,1,2,budget_0.05,budget_0.05,105789,94700,11089,0.10482186238644853,1183880
case_015,1,3,budget_0.05,budget_0.05,75357,64598,10759,0.14277373037674002,1190786
case_015,1,4,budget_0.05,budget_0.05,57813,52586,5227,0.09041219102969922,1183880
case_015,1,5,budget_0.05,budget_0.05,57827,46094,11733,0.20289830010202847,1301154
case_015,2,2,a2_b1,a2_b1,88170,88170,0,0.0,208212
case_015,2,3,a2_b1,a2_b1,61071,61071,0,0.0,367244
case_015,2,4,a2_b1,a2_b1,50885,50885,0,0.0,559004
case_015,2,5,a2_b1,a2_b1,48435,48435,0,0.0,1002784
case_015,3,2,a2_b1,a2_b1,87773,87773,0,0.0,208212
case_015,3,3,a2_b1,a2_b1,59563,59563,0,0.0,367244
case_015,3,4,cache_order_1,cache_order_1,50630,48819,1811,0.03576930673513723,559004
case_015,3,5,a2_b1,a2_b1,45024,45024,0,0.0,1002784
case_016,1,2,budget_0.10,budget_0.10,5619110,5376062,243048,0.04325382489397789,119560208
case_016,1,3,budget_0.10,budget_0.10,4733422,4697398,36024,0.007610561661309689,119560208
case_016,1,4,local,local,4271036,4229670,41366,0.009685237961000515,119561444
case_016,1,5,local,local,4059962,3997130,62832,0.015476006918291318,119565088
case_016,2,2,traffic_price,traffic_price,4026549,4025531,1018,0.0002528219574627899,10976
case_016,2,3,a2_b1,a2_b1,2876720,2876720,0,0.0,12200
case_016,2,4,traffic_price,traffic_price,2238959,2238955,4,1.7865445504083866e-06,15848
case_016,2,5,traffic_price,traffic_price,2087323,2086223,1100,0.0005269907915544936,18892
case_016,3,2,traffic_price,traffic_price,4025717,4025531,186,4.6202949685714145e-05,10976
case_016,3,3,a2_b1,a2_b1,2876720,2876720,0,0.0,12200
case_016,3,4,traffic_price,traffic_price,2238959,2238955,4,1.7865445504083866e-06,15848
case_016,3,5,traffic_price,traffic_price,2086359,2086223,136,6.518533004151728e-05,18892
case_017,1,2,local,local,94548,81543,13005,0.13754918136819394,87552
case_017,1,3,local,local,65033,54533,10500,0.16145649131979145,175104
case_017,1,4,local,local,49856,41486,8370,0.16788350449293965,258048
case_017,1,5,local,local,42112,33667,8445,0.2005366641337386,338688
case_017,2,2,release_order_8,release_order_8,81236,75907,5329,0.06559899551922788,87552
case_017,2,3,release_order_8,release_order_8,56461,48882,7579,0.13423425019039692,175104
case_017,2,4,release_order_8,release_order_8,45456,35816,9640,0.21207321365716292,258048
case_017,2,5,release_order_8,release_order_8,37945,29224,8721,0.22983265252338914,337536
case_017,3,2,release_order_8,release_order_8,81236,75907,5329,0.06559899551922788,87552
case_017,3,3,release_order_8,release_order_8,56461,48882,7579,0.13423425019039692,175104
case_017,3,4,release_order_8,release_order_8,45456,35816,9640,0.21207321365716292,258048
case_017,3,5,release_order_8,release_order_8,37945,29224,8721,0.22983265252338914,337536
case_018,1,2,local,local,529285,501104,28181,0.053243526644435435,2896896
case_018,1,3,local,local,356757,341470,15287,0.04284989502658676,4200448
case_018,1,4,local,local,270580,254060,16520,0.06105403207923721,4893696
case_018,1,5,local,local,219318,203138,16180,0.07377415442416946,5513216
case_018,2,2,a2_b1,a2_b1,507586,507586,0,0.0,5742536
case_018,2,3,a2_b1,a2_b1,339718,339718,0,0.0,7039688
case_018,2,4,a2_b1,a2_b1,257102,257102,0,0.0,6341896
case_018,2,5,release_order_8,release_order_8,210753,210013,740,0.0035112192946245013,4706304
case_018,3,2,release_order_8,release_order_8,506318,502882,3436,0.006786248958164598,5717960
case_018,3,3,release_order_8,release_order_8,339284,337036,2248,0.0066257176878367074,7023304
case_018,3,4,a2_b1,a2_b1,256065,256065,0,0.0,6341896
case_018,3,5,release_order_8,release_order_8,210445,209728,717,0.003407065979234458,4706304
case_019,1,2,local,local,50090,43884,6206,0.12389698542623273,93736
case_019,1,3,budget_0.05,budget_0.05,33870,29983,3887,0.11476232654266316,226848
case_019,1,4,budget_0.05,budget_0.05,25746,23172,2574,0.09997669540899556,226848
case_019,1,5,budget_0.05,budget_0.05,22056,19518,2538,0.11507072905331883,202272
case_019,2,2,traffic_price,traffic_price,41601,39422,2179,0.05237854859258195,33312
case_019,2,3,a4_b0,a4_b0,27175,27032,143,0.005262189512419524,191304
case_019,2,4,traffic_price,traffic_price,21361,21250,111,0.005196385936988013,69220
case_019,2,5,a4_b0,a4_b0,18152,17918,234,0.01289114147201409,435072
case_019,3,2,cache_price,cache_price,41601,39422,2179,0.05237854859258195,33312
case_019,3,3,a4_b0,a4_b0,27175,27032,143,0.005262189512419524,191304
case_019,3,4,cache_price,cache_price,21361,21250,111,0.005196385936988013,69220
case_019,3,5,a4_b0,a4_b0,18152,17806,346,0.019061260467166163,435072
case_020,1,2,local,local,320348,266580,53768,0.16784247131244767,0
case_020,1,3,local,local,226780,177950,48830,0.21531881118264395,0
case_020,1,4,local,local,179996,133704,46292,0.25718349296651033,0
case_020,1,5,local,local,151907,107650,44257,0.29134272943314,0
case_020,2,2,a2_b1,a2_b1,266580,266580,0,0.0,0
case_020,2,3,a2_b1,a2_b1,177950,177950,0,0.0,0
case_020,2,4,a2_b1,a2_b1,133704,133704,0,0.0,0
case_020,2,5,a2_b1,a2_b1,107650,107650,0,0.0,0
case_020,3,2,a2_b1,a2_b1,266580,266580,0,0.0,0
case_020,3,3,a2_b1,a2_b1,177950,177950,0,0.0,0
case_020,3,4,a2_b1,a2_b1,133704,133704,0,0.0,0
case_020,3,5,a2_b1,a2_b1,107650,107650,0,0.0,0
case_021,1,2,fine,fine,3162700,3162700,0,0.0,18124800
case_021,1,3,local,local,2144592,2144024,568,0.00026485224229133575,7766016
case_021,1,4,local,local,1596380,1550324,46056,0.028850273744346566,4608000
case_021,1,5,local,local,1283116,1250168,32948,0.02567811483918836,11431936
case_021,2,2,a4_b0,a4_b0,4562574,3194570,1368004,0.29983163012808123,3174400
case_021,2,3,a4_b0,a4_b0,3123788,2144024,979764,0.31364612451293106,7766016
case_021,2,4,a4_b0,a4_b0,2558861,1550324,1008537,0.3941351249638022,4608000
case_021,2,5,a4_b0,a4_b0,2209557,1250168,959389,0.4341997060949322,11431936
case_021,3,2,a4_b0,a4_b0,4562574,3193634,1368940,0.30003677748569124,3174400
case_021,3,3,a4_b0,a4_b0,3125668,2142851,982817,0.31443422653973485,7766016
case_021,3,4,a4_b0,a4_b0,2558330,1550324,1008006,0.39400937330211505,4608000
case_021,3,5,a4_b0,a4_b0,2205275,1249380,955895,0.43345841221616355,11431936
case_022,1,2,local,local,31506,28537,2969,0.09423601853615182,6912
case_022,1,3,local,local,21064,18953,2111,0.10021838207368017,13824
case_022,1,4,budget_0.05,budget_0.05,19190,16348,2842,0.14809796769150596,54828
case_022,1,5,budget_0.05,budget_0.05,18003,13075,4928,0.2737321557518192,79464
case_022,2,2,traffic_price,traffic_price,28382,28353,29,0.0010217743640335009,6912
case_022,2,3,a2_b1,a2_b1,18890,18890,0,0.0,13824
case_022,2,4,a2_b1,a2_b1,14864,14864,0,0.0,38556
case_022,2,5,a2_b1,a2_b1,12835,12835,0,0.0,62016
case_022,3,2,cache_price,cache_price,28382,28353,29,0.0010217743640335009,6912
case_022,3,3,a2_b1,a2_b1,18890,18890,0,0.0,13824
case_022,3,4,a2_b1,a2_b1,14864,14864,0,0.0,38556
case_022,3,5,a2_b1,a2_b1,12692,12692,0,0.0,62016
case_023,1,2,local,local,69167,60886,8281,0.11972472421819658,133536
case_023,1,3,local,local,47433,40880,6553,0.13815276284443323,207552
case_023,1,4,local,local,35517,31009,4508,0.1269251344426613,281280
case_023,1,5,local,local,30176,25275,4901,0.1624138388123012,280992
case_023,2,2,a2_b1,a2_b1,61542,61542,0,0.0,133536
case_023,2,3,traffic_price,traffic_price,41806,40766,1040,0.02487681194086977,196896
case_023,2,4,a2_b1,a2_b1,32421,32421,0,0.0,281280
case_023,2,5,traffic_price,traffic_price,26937,25603,1334,0.049522960983034436,207264
case_023,3,2,cache_order_1,cache_order_1,61542,61400,142,0.0023073673263787065,133536
case_023,3,3,cache_price,cache_price,41806,40766,1040,0.02487681194086977,196896
case_023,3,4,a2_b1,a2_b1,32421,32421,0,0.0,281280
case_023,3,5,traffic_price,traffic_price,26911,25603,1308,0.04860465980454087,207264
case_024,1,2,budget_0.10,budget_0.10,1862654,1782398,80256,0.04308690717653407,39329048
case_024,1,3,budget_0.10,budget_0.10,1568362,1556206,12156,0.007750761622635549,39329048
case_024,1,4,local,local,1415240,1401006,14234,0.010057658065063202,39329468
case_024,1,5,local,local,1345130,1324322,20808,0.015469136812055306,39330664
case_024,2,2,traffic_price,traffic_price,1334769,1333751,1018,0.0007626787856175321,3632
case_024,2,3,a2_b1,a2_b1,953408,953408,0,0.0,4040
case_024,2,4,traffic_price,traffic_price,743027,743023,4,5.383384453105933e-06,5240
case_024,2,5,traffic_price,traffic_price,694207,693107,1100,0.0015845417865276712,6244
case_024,3,2,traffic_price,traffic_price,1333937,1333751,186,0.00013943686995709914,3632
case_024,3,3,a2_b1,a2_b1,953408,953408,0,0.0,4040
case_024,3,4,traffic_price,traffic_price,743027,743023,4,5.383384453105933e-06,5240
case_024,3,5,traffic_price,traffic_price,693243,693107,136,0.00019617940606686535,6244
case_025,1,2,local,local,3161776,2431840,729936,0.23086265440689036,27648
case_025,1,3,local,local,2291536,1622164,669372,0.2921062553675787,55296
case_025,1,4,local,local,1875064,1217444,657620,0.35071869546852796,82944
case_025,1,5,local,local,1757768,975282,782486,0.44515886055497655,110592
case_025,2,2,a2_b1,a2_b1,2431840,2431840,0,0.0,27648
case_025,2,3,a2_b1,a2_b1,1622164,1622164,0,0.0,55296
case_025,2,4,a2_b1,a2_b1,1217444,1217444,0,0.0,82944
case_025,2,5,a2_b1,a2_b1,975282,975282,0,0.0,110592
case_025,3,2,a2_b1,a2_b1,2431840,2431840,0,0.0,27648
case_025,3,3,a2_b1,a2_b1,1622164,1622164,0,0.0,55296
case_025,3,4,a2_b1,a2_b1,1217444,1217444,0,0.0,82944
case_025,3,5,a2_b1,a2_b1,975282,975282,0,0.0,110592
case_026,1,2,budget_0.05,budget_0.05,73663,57638,16025,0.2175447646715447,863204
case_026,1,3,budget_0.05,budget_0.05,53312,39732,13580,0.2547268907563025,863204
case_026,1,4,budget_0.10,budget_0.10,45030,37400,7630,0.16944259382633797,866846
case_026,1,5,budget_0.10,budget_0.10,41786,34946,6840,0.16369118843631836,866846
case_026,2,2,traffic_price,traffic_price,50502,47885,2617,0.05181972991168671,258352
case_026,2,3,a2_b1,a2_b1,34016,34016,0,0.0,321016
case_026,2,4,a2_b1,a2_b1,28493,28493,0,0.0,359248
case_026,2,5,a4_b0,a4_b0,25879,25840,39,0.0015070134085551912,740432
case_026,3,2,traffic_price,traffic_price,49641,47885,1756,0.03537398521383539,258352
case_026,3,3,a2_b1,a2_b1,34016,34016,0,0.0,321016
case_026,3,4,pipeline_finish,pipeline_finish,28493,28477,16,0.0005615414312287736,455212
case_026,3,5,a4_b0,a4_b0,25837,24536,1301,0.0503541432828889,740432
case_027,1,2,local,local,1124556,1120962,3594,0.003195927992914571,1744896
case_027,1,3,local,local,844900,837049,7851,0.009292223931826271,3686400
case_027,1,4,local,local,565244,559196,6048,0.010699803978458822,3317760
case_027,1,5,local,local,565244,558753,6491,0.011483536313521281,5529600
case_027,2,2,a4_b0,a4_b0,1124880,1120962,3918,0.003483038190740362,1744896
case_027,2,3,a2_b1,a2_b1,837049,837049,0,0.0,3686400
case_027,2,4,a2_b1,a2_b1,559196,559196,0,0.0,3317760
case_027,2,5,traffic_price,traffic_price,558753,558753,0,0.0,3317760
case_027,3,2,a4_b0,a4_b0,1124880,1120962,3918,0.003483038190740362,1744896
case_027,3,3,a2_b1,a2_b1,837049,837049,0,0.0,3686400
case_027,3,4,a2_b1,a2_b1,559196,559196,0,0.0,3317760
case_027,3,5,traffic_price,traffic_price,558753,558753,0,0.0,3317760
case_028,1,2,fine,fine,20808437,20808437,0,0.0,326568960
case_028,1,3,fine,fine,14792144,14792144,0,0.0,326568960
case_028,1,4,fine,fine,12041229,12041229,0,0.0,326568960
case_028,1,5,fine,fine,10194624,10194624,0,0.0,326568960
case_028,2,2,a2_b1,a2_b1,20596617,20596617,0,0.0,80220720
case_028,2,3,release_order_8,release_order_8,13758072,13731482,26590,0.0019326835911310791,47919360
case_028,2,4,a2_b1,a2_b1,10346061,10346061,0,0.0,90161376
case_028,2,5,traffic_price,traffic_price,8373492,8260945,112547,0.013440867919859434,65118144
case_028,3,2,release_order_8,release_order_8,20580761,20571207,9554,0.0004642199576585515,79707696
case_028,3,3,release_order_8,release_order_8,13761934,13730032,31902,0.002318133483273477,47919360
case_028,3,4,cache_price,cache_price,10321428,10293045,28383,0.0027499101868462272,66255168
case_028,3,5,traffic_price,traffic_price,8342713,8194662,148051,0.017746145648304124,65118144
case_029,1,2,local,local,22105,19740,2365,0.10698936892105859,0
case_029,1,3,local,local,14831,12743,2088,0.14078619108623824,0
case_029,1,4,local,local,13395,11028,2367,0.17670772676371782,0
case_029,1,5,local,local,11787,9383,2404,0.2039535081021464,0
case_029,2,2,a2_b1,a2_b1,19740,19740,0,0.0,0
case_029,2,3,a2_b1,a2_b1,12743,12743,0,0.0,0
case_029,2,4,a2_b1,a2_b1,11028,11028,0,0.0,0
case_029,2,5,a2_b1,a2_b1,9383,9383,0,0.0,0
case_029,3,2,a2_b1,a2_b1,19740,19740,0,0.0,0
case_029,3,3,a2_b1,a2_b1,12743,12743,0,0.0,0
case_029,3,4,a2_b1,a2_b1,11028,11028,0,0.0,0
case_029,3,5,a2_b1,a2_b1,9383,9383,0,0.0,0
case_030,1,2,local,local,1523915,1399149,124766,0.08187202042108643,6877184
case_030,1,3,local,local,1017923,933256,84667,0.08317623238692906,8949248
case_030,1,4,local,local,766308,698838,67470,0.08804553782552182,7811072
case_030,1,5,local,local,616416,560819,55597,0.09019395992316881,10660864
case_030,2,2,a4_b0,a4_b0,2334326,1413914,920412,0.3942945415507517,1956864
case_030,2,3,a4_b0,a4_b0,1713946,956472,757474,0.441947412578926,4507648
case_030,2,4,release_order_8,release_order_8,701046,698274,2772,0.003954091457621933,4763648
case_030,2,5,a4_b0,a4_b0,1399543,570791,828752,0.5921590119060294,7493632
case_030,3,2,a4_b0,a4_b0,2333713,1413845,919868,0.3941650065796437,1956864
case_030,3,3,a4_b0,a4_b0,1712269,955579,756690,0.4419223848589211,4507648
case_030,3,4,cache_order_1,cache_order_1,700582,697455,3127,0.00446343183239073,4763648
case_030,3,5,a4_b0,a4_b0,1355638,569112,786526,0.5801888114673681,7493632
case_031,1,2,local,local,743971,722314,21657,0.029110005631939995,5606400
case_031,1,3,local,local,510690,493808,16882,0.03305723628815915,4568064
case_031,1,4,local,local,395151,378276,16875,0.04270519371075865,8016384
case_031,1,5,local,local,323090,310008,13082,0.040490265870191,8094720
case_031,2,2,a4_b0,a4_b0,937329,728586,208743,0.22269982044724956,3079680
case_031,2,3,traffic_price,traffic_price,490500,481540,8960,0.018267074413863438,2380800
case_031,2,4,a4_b0,a4_b0,602159,378404,223755,0.37158790286286514,5426688
case_031,2,5,traffic_price,traffic_price,307978,302436,5542,0.017994791835780455,5707776
case_031,3,2,a4_b0,a4_b0,937778,728180,209598,0.22350492334006555,3079680
case_031,3,3,cache_price,cache_price,490500,481540,8960,0.018267074413863438,2380800
case_031,3,4,a4_b0,a4_b0,598456,378324,220132,0.36783322416351416,5426688
case_031,3,5,traffic_price,traffic_price,307946,302436,5510,0.017892747429744227,5707776
case_032,1,2,budget_0.05,budget_0.05,29124,21876,7248,0.24886691388545534,98388
case_032,1,3,budget_0.05,budget_0.05,24775,15192,9583,0.3868012108980827,129154
case_032,1,4,budget_0.05,budget_0.05,19493,12254,7239,0.37136407941312266,137320
case_032,1,5,inherit_previous_core,budget_0.05,16487,12254,4233,0.25674774064414385,137320
case_032,2,2,a2_b1,a2_b1,18894,18894,0,0.0,14432
case_032,2,3,pipeline_finish,pipeline_finish,14932,13868,1064,0.07125636217519427,154018
case_032,2,4,a2_b1,a2_b1,12130,12130,0,0.0,186768
case_032,2,5,a2_b1,a2_b1,10734,10734,0,0.0,205288
case_032,3,2,a2_b1,a2_b1,18816,18816,0,0.0,14432
case_032,3,3,pipeline_finish,pipeline_finish,14609,13841,768,0.052570333356150356,154018
case_032,3,4,a4_b0,a4_b0,11888,11733,155,0.013038358008075401,337786
case_032,3,5,a2_b1,a2_b1,10213,10213,0,0.0,205288
case_033,1,2,local,local,911971,886881,25090,0.027511839740518074,6258208
case_033,1,3,local,local,612032,588333,23699,0.038721831538220175,7802400
case_033,1,4,local,local,461610,449493,12117,0.026249431338142615,7835712
case_033,1,5,local,local,374952,356498,18454,0.04921696643837081,7785024
case_033,2,2,a4_b0,a4_b0,1216364,897926,318438,0.2617949890000033,5808672
case_033,2,3,a4_b0,a4_b0,895217,595039,300178,0.33531311402710184,6659616
case_033,2,4,a4_b0,a4_b0,756593,452445,304148,0.4019968463890097,7563840
case_033,2,5,a4_b0,a4_b0,680499,373209,307290,0.4515656892956492,7717920
case_033,3,2,a4_b0,a4_b0,1216899,896998,319901,0.26288212908384345,5808672
case_033,3,3,a4_b0,a4_b0,893773,594827,298946,0.3344764274597689,6659616
case_033,3,4,a4_b0,a4_b0,752684,452000,300684,0.3994823857023665,7563840
case_033,3,5,a4_b0,a4_b0,671598,370507,301091,0.4483202749263696,7717920
case_034,1,2,local,local,456296,423426,32870,0.07203657275102127,1650176
case_034,1,3,local,local,308275,283861,24414,0.07919552347741465,2672128
case_034,1,4,local,local,234663,214744,19919,0.08488342857629882,3232256
case_034,1,5,local,local,197927,173474,24453,0.12354554962183029,3403776
case_034,2,2,a2_b1,a2_b1,414877,414877,0,0.0,1041920
case_034,2,3,traffic_price,traffic_price,276253,274231,2022,0.007319377527121862,2109440
case_034,2,4,release_order_8,release_order_8,209274,205866,3408,0.0162848705524814,3174912
case_034,2,5,release_order_8,release_order_8,168748,166312,2436,0.014435726645649183,3354624
case_034,3,2,cache_order_2,cache_order_2,414877,410533,4344,0.010470573206034506,1041920
case_034,3,3,cache_order_2,cache_order_2,275744,273858,1886,0.0068396773819194845,2477056
case_034,3,4,release_order_8,release_order_8,209274,205866,3408,0.0162848705524814,3174912
case_034,3,5,release_order_8,release_order_8,168748,164413,4335,0.025689193353402695,3354624
case_035,1,2,budget_0.10,budget_0.10,234435,114791,119644,0.5103504169599249,1210062
case_035,1,3,inherit_previous_core,budget_0.10,172440,114791,57649,0.33431338436557645,1210062
case_035,1,4,inherit_previous_core,budget_0.10,145410,114791,30619,0.21057011209682963,1210062
case_035,1,5,inherit_previous_core,budget_0.10,128371,114791,13580,0.10578713260783201,1210062
case_035,2,2,a4_b0,a4_b0,99694,97946,1748,0.017533652978113046,891886
case_035,2,3,a2_b1,a2_b1,72735,72735,0,0.0,1116552
case_035,2,4,a4_b0,a4_b0,62577,61142,1435,0.022931748086357562,1442526
case_035,2,5,a4_b0,a4_b0,52957,52296,661,0.01248182487678684,1481128
case_035,3,2,a4_b0,a4_b0,99694,97946,1748,0.017533652978113046,891886
case_035,3,3,a2_b1,a2_b1,72690,72690,0,0.0,1116552
case_035,3,4,a4_b0,a4_b0,61956,60541,1415,0.022838788817870714,1442526
case_035,3,5,a4_b0,a4_b0,51327,50743,584,0.011378027159195003,1481128
case_036,1,2,local,local,692700,466068,226632,0.3271719359029883,1152
case_036,1,3,local,local,504372,311345,193027,0.3827076047044642,2304
case_036,1,4,local,local,409500,233584,175916,0.42958730158730163,3456
case_036,1,5,local,local,352860,187182,165678,0.4695289916680837,4608
case_036,2,2,a2_b1,a2_b1,466068,466068,0,0.0,1152
case_036,2,3,a2_b1,a2_b1,311345,311345,0,0.0,2304
case_036,2,4,a2_b1,a2_b1,233584,233584,0,0.0,3456
case_036,2,5,a2_b1,a2_b1,187182,187182,0,0.0,4608
case_036,3,2,a2_b1,a2_b1,466068,466068,0,0.0,1152
case_036,3,3,a2_b1,a2_b1,311345,311345,0,0.0,2304
case_036,3,4,a2_b1,a2_b1,233584,233584,0,0.0,3456
case_036,3,5,a2_b1,a2_b1,187182,187182,0,0.0,4608
case_037,1,2,local,local,111440,105374,6066,0.05443287867910984,204800
case_037,1,3,local,local,79016,74038,4978,0.06299989875468259,1064960
case_037,1,4,local,local,57400,53320,4080,0.07108013937282232,614400
case_037,1,5,local,local,46592,43800,2792,0.0599244505494505,1925120
case_037,2,2,a2_b1,a2_b1,105374,105374,0,0.0,204800
case_037,2,3,traffic_price,traffic_price,74038,74038,0,0.0,573440
case_037,2,4,a2_b1,a2_b1,53320,53320,0,0.0,614400
case_037,2,5,traffic_price,traffic_price,43800,43013,787,0.017968036529680376,942080
case_037,3,2,a2_b1,a2_b1,105374,105374,0,0.0,204800
case_037,3,3,traffic_price,traffic_price,74038,74038,0,0.0,573440
case_037,3,4,a2_b1,a2_b1,53320,53320,0,0.0,614400
case_037,3,5,traffic_price,traffic_price,43013,43013,0,0.0,942080
case_038,1,2,local,local,703874,675678,28196,0.04005830588997461,6094848
case_038,1,3,local,local,472170,452978,19192,0.04064637736408494,7947264
case_038,1,4,local,local,355622,346014,9608,0.027017451113823143,8647680
case_038,1,5,local,local,320780,276537,44243,0.13792318723112418,8480256
case_038,2,2,a4_b0,a4_b0,741859,677089,64770,0.08730769593682897,1952256
case_038,2,3,a4_b0,a4_b0,669155,454987,214168,0.32005738580747356,4875264
case_038,2,4,a4_b0,a4_b0,376081,344424,31657,0.08417601527330554,6228992
case_038,2,5,a4_b0,a4_b0,491542,280533,211009,0.42927969532613697,7446016
case_038,3,2,a4_b0,a4_b0,740561,677089,63472,0.08570799704548304,1952256
case_038,3,3,a4_b0,a4_b0,664397,454314,210083,0.316201006326037,4875264
case_038,3,4,a4_b0,a4_b0,374886,344229,30657,0.08177686016549035,6228992
case_038,3,5,a4_b0,a4_b0,450214,279410,170804,0.379384026263066,7446016
case_039,1,2,local,local,715580,708561,7019,0.00980882640655134,11067392
case_039,1,3,local,local,581802,485565,96237,0.16541194426969996,14323712
case_039,1,4,local,local,569788,395323,174465,0.3061928296138213,17604608
case_039,1,5,inherit_previous_core,local,562938,395323,167615,0.2977503739310545,17604608
case_039,2,2,a4_b0,a4_b0,1157139,708561,448578,0.38766129220430734,11067392
case_039,2,3,a4_b0,a4_b0,890073,485565,404508,0.4544660943540586,14323712
case_039,2,4,a4_b0,a4_b0,765603,395323,370280,0.4836449177968216,17604608
case_039,2,5,inherit_previous_core,a4_b0,866841,395323,471518,0.5439498131721965,17604608
case_039,3,2,a4_b0,a4_b0,1157478,705615,451863,0.39038582158796975,11067392
case_039,3,3,a4_b0,a4_b0,870911,483226,387685,0.44514881543579077,14323712
case_039,3,4,a4_b0,a4_b0,743092,368055,375037,0.5046979378058167,17604608
case_039,3,5,a4_b0,a4_b0,701316,340476,360840,0.5145184196567596,20480000
case_040,1,2,budget_0.05,budget_0.05,287026,152827,134199,0.4675499780507689,1980186
case_040,1,3,budget_0.10,budget_0.10,203225,116123,87102,0.42859884364620493,2570512
case_040,1,4,budget_0.10,budget_0.10,165281,113575,51706,0.3128369262044639,2596616
case_040,1,5,inherit_previous_core,budget_0.10,138855,113575,25280,0.18206042274314937,2596616
case_040,2,2,a2_b1,a2_b1,135929,135929,0,0.0,1411658
case_040,2,3,a2_b1,a2_b1,100046,100046,0,0.0,2121556
case_040,2,4,a2_b1,a2_b1,84726,84726,0,0.0,2172382
case_040,2,5,a2_b1,a2_b1,74343,74343,0,0.0,2347218
case_040,3,2,a2_b1,a2_b1,135139,135139,0,0.0,1411658
case_040,3,3,a2_b1,a2_b1,98402,98402,0,0.0,2121556
case_040,3,4,a2_b1,a2_b1,81765,81765,0,0.0,2172382
case_040,3,5,a2_b1,a2_b1,69974,69974,0,0.0,2347218
case_041,1,2,local,local,3093849,2989675,104174,0.03367132655795424,30726144
case_041,1,3,local,local,2065344,2001573,63771,0.03087669656967551,34996224
case_041,1,4,local,local,1552262,1499364,52898,0.03407801002665789,34541568
case_041,1,5,local,local,1246370,1202006,44364,0.03559456662146876,38206464
case_041,2,2,a4_b0,a4_b0,4374354,3037915,1336439,0.30551688317863623,19049472
case_041,2,3,a4_b0,a4_b0,3250582,2044531,1206051,0.371026173159145,26007552
case_041,2,4,a4_b0,a4_b0,2738644,1514310,1224334,0.4470584712726444,24136704
case_041,2,5,a4_b0,a4_b0,2512569,1211289,1301280,0.5179081649100981,28919808
case_041,3,2,a4_b0,a4_b0,4368939,3037915,1331024,0.3046561190256948,19049472
case_041,3,3,a4_b0,a4_b0,3246334,2041681,1204653,0.37108104095265615,26007552
case_041,3,4,a4_b0,a4_b0,2734810,1512169,1222641,0.447066158160896,24136704
case_041,3,5,a4_b0,a4_b0,2447429,1208366,1239063,0.5062712748766154,28919808
case_042,1,2,budget_0.10,budget_0.10,856688,853864,2824,0.0032964159647386193,16545792
case_042,1,3,local,local,577394,567777,9617,0.016655871034337077,8715840
case_042,1,4,local,local,436981,420622,16359,0.03743641027870781,8479584
case_042,1,5,local,local,351977,348171,3806,0.010813206544745824,9702528
case_042,2,2,a2_b1,a2_b1,858152,858152,0,0.0,14092244
case_042,2,3,a4_b0,a4_b0,580768,572820,7948,0.013685327015262594,8503872
case_042,2,4,a4_b0,a4_b0,488231,433769,54462,0.11154965579817755,5631840
case_042,2,5,a4_b0,a4_b0,550380,347175,203205,0.3692085468221956,9112416
case_042,3,2,release_order_8,release_order_8,855936,850810,5126,0.0059887655151786845,14026708
case_042,3,3,release_order_8,release_order_8,572814,562984,9830,0.01716089341391791,26970252
case_042,3,4,a4_b0,a4_b0,452253,433342,18911,0.041815090226046014,5631840
case_042,3,5,a4_b0,a4_b0,443458,346550,96908,0.21852802294693074,9112416
case_043,1,2,budget_0.10,budget_0.10,902025,459650,442375,0.4904243230509132,11159912
case_043,1,3,budget_0.10,budget_0.10,633876,392365,241511,0.3810066953158031,11162596
case_043,1,4,inherit_previous_core,budget_0.10,507811,392365,115446,0.22734048691343822,11162596
case_043,1,5,inherit_previous_core,budget_0.10,442376,392365,50011,0.11305088883664571,11162596
case_043,2,2,a2_b1,a2_b1,364212,364212,0,0.0,7326336
case_043,2,3,a2_b1,a2_b1,289491,289491,0,0.0,11372480
case_043,2,4,traffic_price,traffic_price,270903,265438,5465,0.02017327235209654,8499186
case_043,2,5,traffic_price,traffic_price,276333,243394,32939,0.11920038504268404,9313580
case_043,3,2,cache_order_1,cache_order_1,363123,362760,363,0.0009996612718005116,7326336
case_043,3,3,a2_b1,a2_b1,279557,279557,0,0.0,11372480
case_043,3,4,a2_b1,a2_b1,246150,246150,0,0.0,12449400
case_043,3,5,traffic_price,traffic_price,239032,232507,6525,0.027297600321295912,9313580
case_044,1,2,local,local,181628,131105,50523,0.2781674631664721,4672992
case_044,1,3,local,local,177511,123553,53958,0.3039698948234194,5161216
case_044,1,4,inherit_previous_core,local,175649,123553,52096,0.2965914978166685,5161216
case_044,1,5,inherit_previous_core,local,175986,123553,52433,0.2979384723784847,5161216
case_044,2,2,traffic_price,traffic_price,63095,59357,3738,0.059243997147159,696160
case_044,2,3,traffic_price,traffic_price,66640,51446,15194,0.22800120048019212,677568
case_044,2,4,traffic_price,traffic_price,76343,45168,31175,0.4083544005344302,679712
case_044,2,5,inherit_previous_core,traffic_price,86188,45168,41020,0.4759363252424932,679712
case_044,3,2,traffic_price,traffic_price,58071,57307,764,0.013156308656644411,696160
case_044,3,3,cache_price,cache_price,58725,49196,9529,0.16226479352916134,1510848
case_044,3,4,traffic_price,traffic_price,69126,41935,27191,0.3933541648583746,679712
case_044,3,5,traffic_price,traffic_price,81426,41680,39746,0.4881241863778154,1561984
case_045,1,2,local,local,74059,63059,11000,0.14853022590097087,0
case_045,1,3,local,local,53539,42601,10938,0.20429966939987676,0
case_045,1,4,local,local,39778,31878,7900,0.1986022424455729,0
case_045,1,5,local,local,35702,26164,9538,0.2671559016301608,0
case_045,2,2,a2_b1,a2_b1,63059,63059,0,0.0,0
case_045,2,3,a2_b1,a2_b1,42601,42601,0,0.0,0
case_045,2,4,a2_b1,a2_b1,31878,31878,0,0.0,0
case_045,2,5,a2_b1,a2_b1,26164,26164,0,0.0,0
case_045,3,2,a2_b1,a2_b1,63059,63059,0,0.0,0
case_045,3,3,a2_b1,a2_b1,42601,42601,0,0.0,0
case_045,3,4,a2_b1,a2_b1,31878,31878,0,0.0,0
case_045,3,5,a2_b1,a2_b1,26164,26164,0,0.0,0
case_046,1,2,fine,fine,158876,158876,0,0.0,6512800
case_046,1,3,local,local,149740,142176,7564,0.05051422465607047,4021280
case_046,1,4,local,local,140604,124612,15992,0.11373787374470146,4513952
case_046,1,5,inherit_previous_core,local,193677,124612,69065,0.35659887338197105,4513952
case_046,2,2,a2_b1,a2_b1,109740,109740,0,0.0,930400
case_046,2,3,traffic_price,traffic_price,110152,109006,1146,0.01040380565037402,2664640
case_046,2,4,release_order_8,release_order_8,79918,79876,42,0.0005255386771441106,2791200
case_046,2,5,inherit_previous_core,release_order_8,117768,79876,37892,0.3217512397255621,2791200
case_046,3,2,a2_b1,a2_b1,109740,109740,0,0.0,930400
case_046,3,3,a2_b1,a2_b1,101343,101343,0,0.0,3958976
case_046,3,4,release_order_8,release_order_8,79918,79876,42,0.0005255386771441106,2791200
case_046,3,5,cache_price,cache_price,107914,77543,30371,0.28143707025965126,3815808
case_047,1,2,whole_graph,whole_graph,819149,326508,492641,0.6014058492411026,0
case_047,1,3,whole_graph,whole_graph,578210,326508,251702,0.4353124297400598,0
case_047,1,4,whole_graph,whole_graph,451840,326508,125332,0.27738137393767703,0
case_047,1,5,whole_graph,whole_graph,385096,326508,58588,0.15213868749610482,0
case_047,2,2,a2_b1,a2_b1,171716,171716,0,0.0,2958822
case_047,2,3,a2_b1,a2_b1,132476,132476,0,0.0,3835052
case_047,2,4,a2_b1,a2_b1,123373,123373,0,0.0,4874194
case_047,2,5,inherit_previous_core,a2_b1,125254,123373,1881,0.015017484471553821,4874194
case_047,3,2,a2_b1,a2_b1,171708,171708,0,0.0,2958822
case_047,3,3,a2_b1,a2_b1,131396,131396,0,0.0,3835052
case_047,3,4,a2_b1,a2_b1,117389,117389,0,0.0,4874194
case_047,3,5,a2_b1,a2_b1,115113,115113,0,0.0,5392600
case_048,1,2,local,local,234231,193496,40735,0.17390951667371102,2406274
case_048,1,3,local,local,168203,162475,5728,0.03405408940387511,2253814
case_048,1,4,local,local,158531,149328,9203,0.0580517375150601,2238354
case_048,1,5,local,local,157964,147633,10331,0.06540097743789719,2248428
case_048,2,2,a2_b1,a2_b1,127549,127549,0,0.0,985126
case_048,2,3,a2_b1,a2_b1,96856,96856,0,0.0,997546
case_048,2,4,inherit_previous_core,a2_b1,98674,96856,1818,0.01842430630155867,997546
case_048,2,5,inherit_previous_core,a2_b1,99406,96856,2550,0.025652375108142333,997546
case_048,3,2,a2_b1,a2_b1,127319,127319,0,0.0,985126
case_048,3,3,a2_b1,a2_b1,96722,96722,0,0.0,997546
case_048,3,4,inherit_previous_core,a2_b1,98201,96722,1479,0.015060946426207478,997546
case_048,3,5,inherit_previous_core,a2_b1,98965,96722,2243,0.022664578386298206,997546
case_049,1,2,budget_0.05,budget_0.05,338080,169872,168208,0.49753904401325133,2047466
case_049,1,3,inherit_previous_core,budget_0.05,239113,169872,69241,0.28957438533245783,2047466
case_049,1,4,local,local,205955,157353,48602,0.23598358864800562,4900328
case_049,1,5,local,local,170413,138881,31532,0.1850328320022534,4855490
case_049,2,2,a2_b1,a2_b1,107617,107617,0,0.0,2551462
case_049,2,3,a2_b1,a2_b1,85994,85994,0,0.0,3253580
case_049,2,4,traffic_price,traffic_price,86043,76675,9368,0.1088757946608091,1936816
case_049,2,5,traffic_price,traffic_price,84956,74159,10797,0.12708931682282598,2161878
case_049,3,2,a2_b1,a2_b1,107590,107590,0,0.0,2551462
case_049,3,3,a2_b1,a2_b1,82483,82483,0,0.0,3253580
case_049,3,4,traffic_price,traffic_price,79929,76318,3611,0.0451775951156651,1936816
case_049,3,5,cache_price,cache_price,77346,67782,9564,0.12365216042199989,2159446
case_050,1,2,budget_0.05,budget_0.05,276952,115741,161211,0.5820900372627748,1028490
case_050,1,3,inherit_previous_core,budget_0.05,192587,115741,76846,0.39901966384023846,1028490
case_050,1,4,local,local,152635,111297,41338,0.27082910210633215,2511788
case_050,1,5,budget_0.05,budget_0.05,133708,110812,22896,0.17123881891883808,1017748
case_050,2,2,a2_b1,a2_b1,81223,81223,0,0.0,1230124
case_050,2,3,a2_b1,a2_b1,61819,61819,0,0.0,1616018
case_050,2,4,a2_b1,a2_b1,56239,56239,0,0.0,1903576
case_050,2,5,a2_b1,a2_b1,53277,53277,0,0.0,1997128
case_050,3,2,cache_order_2,cache_order_2,81220,81204,16,0.0001969958138389183,1230124
case_050,3,3,a2_b1,a2_b1,61278,61278,0,0.0,1616018
case_050,3,4,a2_b1,a2_b1,53539,53539,0,0.0,1903576
case_050,3,5,a2_b1,a2_b1,49485,49485,0,0.0,1997128
case_051,1,2,budget_0.10,budget_0.10,444776,425966,18810,0.04229095095059088,9045718
case_051,1,3,budget_0.10,budget_0.10,373707,370560,3147,0.008421035731201232,9045718
case_051,1,4,local,local,337317,333324,3993,0.011837529682761305,9045830
case_051,1,5,local,local,320414,315468,4946,0.015436279313638002,9046102
case_051,2,2,traffic_price,traffic_price,318754,317736,1018,0.0031936854125752534,860
case_051,2,3,a2_b1,a2_b1,227452,227452,0,0.0,960
case_051,2,4,traffic_price,traffic_price,178386,178382,4,2.2423284338435323e-05,1236
case_051,2,5,traffic_price,traffic_price,168374,167274,1100,0.006533075177877823,1468
case_051,3,2,traffic_price,traffic_price,317922,317736,186,0.0005850491630022825,860
case_051,3,3,a2_b1,a2_b1,227452,227452,0,0.0,960
case_051,3,4,traffic_price,traffic_price,178386,178382,4,2.2423284338435323e-05,1236
case_051,3,5,traffic_price,traffic_price,167410,167274,136,0.0008123767994743236,1468
case_052,1,2,local,local,103693,90842,12851,0.1239331488142883,102912
case_052,1,3,local,local,69384,60905,8479,0.12220396633229558,156672
case_052,1,4,local,local,55465,45478,9987,0.1800594969800775,254976
case_052,1,5,local,local,43936,37356,6580,0.1497632920611799,328704
case_052,2,2,a2_b1,a2_b1,90965,90965,0,0.0,98304
case_052,2,3,release_order_8,release_order_8,61913,61672,241,0.0038925589133138594,156672
case_052,2,4,release_order_8,release_order_8,47599,46476,1123,0.02359293262463502,254976
case_052,2,5,release_order_8,release_order_8,39101,35058,4043,0.10339889005396286,324096
case_052,3,2,cache_order_1,cache_order_1,90965,90475,490,0.0053866871873797795,98304
case_052,3,3,release_order_8,release_order_8,61859,61499,360,0.005819686706865612,156672
case_052,3,4,release_order_8,release_order_8,47599,46414,1185,0.02489548099749994,254976
case_052,3,5,release_order_8,release_order_8,38674,34177,4497,0.11627967109686099,324096
case_053,1,2,budget_0.05,budget_0.05,1325038,791480,533558,0.4026737346400632,17917416
case_053,1,3,budget_0.10,budget_0.10,935946,623912,312034,0.33338889209420197,19848484
case_053,1,4,budget_0.05,budget_0.05,784273,532892,251381,0.3205274183861997,17917416
case_053,1,5,budget_0.05,budget_0.05,689754,511100,178654,0.2590111836973762,17958208
case_053,2,2,a2_b1,a2_b1,737353,737353,0,0.0,10450306
case_053,2,3,traffic_price,traffic_price,563816,559207,4609,0.008174652723583531,10308704
case_053,2,4,traffic_price,traffic_price,514150,475733,38417,0.07471943985218321,12902072
case_053,2,5,traffic_price,traffic_price,476406,458321,18085,0.037961318707153135,15277446
case_053,3,2,cache_order_1,cache_order_1,734967,734829,138,0.00018776353224025932,10450306
case_053,3,3,a4_b0,a4_b0,546113,532507,13606,0.024914257671946993,14610922
case_053,3,4,a4_b0,a4_b0,471266,457528,13738,0.029151264890741158,17115858
case_053,3,5,a4_b0,a4_b0,431910,415705,16205,0.037519390613785286,17261944
case_054,1,2,budget_0.10,budget_0.10,1264638,537888,726750,0.5746703799822558,9221734
case_054,1,3,budget_0.05,budget_0.05,879050,483822,395228,0.4496080996530345,6638978
case_054,1,4,inherit_previous_core,budget_0.05,685857,483822,202035,0.29457306698043473,6638978
case_054,1,5,budget_0.05,budget_0.05,580207,451655,128552,0.22156230448788106,6596450
case_054,2,2,a4_b0,a4_b0,427191,417135,10056,0.023539821765907964,6036588
case_054,2,3,a2_b1,a2_b1,331512,331512,0,0.0,9687536
case_054,2,4,a2_b1,a2_b1,298109,298109,0,0.0,11105622
case_054,2,5,traffic_price,traffic_price,285515,284035,1480,0.005183615571861422,7881248
case_054,3,2,a4_b0,a4_b0,426900,416795,10105,0.023670648863902577,6036588
case_054,3,3,a2_b1,a2_b1,324485,324485,0,0.0,9687536
case_054,3,4,a2_b1,a2_b1,279993,279993,0,0.0,11105622
case_054,3,5,a2_b1,a2_b1,259251,259251,0,0.0,12061760
case_055,1,2,local,local,65427,60415,5012,0.0766044599324438,74240
case_055,1,3,local,local,46044,44260,1784,0.03874554773694727,132096
case_055,1,4,budget_0.05,budget_0.05,37944,35056,2888,0.076112165296226,325656
case_055,1,5,budget_0.05,budget_0.05,34227,31540,2687,0.07850527361439796,436294
case_055,2,2,traffic_price,traffic_price,53537,53535,2,3.735734165155602e-05,16384
case_055,2,3,a4_b0,a4_b0,38936,38226,710,0.018235052393671625,335158
case_055,2,4,a2_b1,a2_b1,30163,30163,0,0.0,226880
case_055,2,5,a2_b1,a2_b1,22386,22386,0,0.0,452748
case_055,3,2,cache_price,cache_price,53537,53430,107,0.0019986177783588577,16384
case_055,3,3,a4_b0,a4_b0,38936,38219,717,0.018414834600369856,335158
case_055,3,4,a2_b1,a2_b1,30059,30059,0,0.0,226880
case_055,3,5,a2_b1,a2_b1,21616,21616,0,0.0,452748
case_056,1,2,whole_graph,whole_graph,559729,277285,282444,0.5046084801752276,0
case_056,1,3,budget_0.10,budget_0.10,395044,276929,118115,0.2989920110164944,5093372
case_056,1,4,local,local,314173,251411,62762,0.1997689171252781,7730902
case_056,1,5,local,local,261491,237367,24124,0.09225556520109679,7700090
case_056,2,2,a2_b1,a2_b1,152665,152665,0,0.0,3454870
case_056,2,3,a2_b1,a2_b1,122427,122427,0,0.0,4599900
case_056,2,4,inherit_previous_core,a2_b1,123376,122427,949,0.007691933601348677,4599900
case_056,2,5,traffic_price,traffic_price,123505,121094,2411,0.01952147686328487,4404870
case_056,3,2,cache_order_2,cache_order_2,152425,152142,283,0.0018566508118746938,3454870
case_056,3,3,a2_b1,a2_b1,121154,121154,0,0.0,4599900
case_056,3,4,a2_b1,a2_b1,113517,113517,0,0.0,5696618
case_056,3,5,a2_b1,a2_b1,111120,111120,0,0.0,6011422
case_057,1,2,budget_0.05,budget_0.05,40930,31132,9798,0.2393843146836061,95792
case_057,1,3,budget_0.05,budget_0.05,33312,21637,11675,0.3504743035542748,151112
case_057,1,4,budget_0.05,budget_0.05,28399,17060,11339,0.3992746223458572,151112
case_057,1,5,inherit_previous_core,budget_0.05,25111,17060,8051,0.32061646290470314,151112
case_057,2,2,a4_b0,a4_b0,31868,30954,914,0.02868080833437936,227296
case_057,2,3,a2_b1,a2_b1,22236,22236,0,0.0,356182
case_057,2,4,a2_b1,a2_b1,18928,18928,0,0.0,382276
case_057,2,5,a2_b1,a2_b1,16977,16977,0,0.0,508530
case_057,3,2,a4_b0,a4_b0,31155,29928,1227,0.03938372652864708,227296
case_057,3,3,cache_order_1,cache_order_1,21775,21686,89,0.004087256027554553,356182
case_057,3,4,cache_order_1,cache_order_1,17517,17228,289,0.016498258834275248,382276
case_057,3,5,a2_b1,a2_b1,15308,15308,0,0.0,508530
case_058,1,2,local,local,2275721,2271316,4405,0.0019356502840198742,33431552
case_058,1,3,local,local,1806745,1554831,251914,0.139429747972182,30400512
case_058,1,4,local,local,1792969,1154519,638450,0.3560853533998636,42622976
case_058,1,5,local,local,1784441,1004819,779622,0.4368998470669526,32104448
case_058,2,2,a4_b0,a4_b0,4609376,2271316,2338060,0.5072400255479267,33431552
case_058,2,3,a4_b0,a4_b0,3572112,1554831,2017281,0.5647306131498677,30400512
case_058,2,4,a4_b0,a4_b0,3163021,1154519,2008502,0.6349948356334023,42622976
case_058,2,5,a4_b0,a4_b0,2985453,1004819,1980634,0.6634282971461952,32104448
case_058,3,2,a4_b0,a4_b0,4611377,2270206,2341171,0.5076945563114879,33431552
case_058,3,3,a4_b0,a4_b0,3447219,1554831,1892388,0.5489607709866997,30400512
case_058,3,4,a4_b0,a4_b0,3132764,1142629,1990135,0.6352648970685312,42622976
case_058,3,5,a4_b0,a4_b0,2629460,1004819,1624641,0.6178610817430195,32104448
case_059,1,2,local,local,385500,369318,16182,0.041976653696498056,360448
case_059,1,3,local,local,268460,266217,2243,0.008355062206660158,2998272
case_059,1,4,local,local,198236,185216,13020,0.0656792913497044,1081344
case_059,1,5,local,local,163124,150782,12342,0.07566023393246857,4325376
case_059,2,2,a2_b1,a2_b1,369318,369318,0,0.0,360448
case_059,2,3,a4_b0,a4_b0,414006,266217,147789,0.3569730873465602,2998272
case_059,2,4,a2_b1,a2_b1,185216,185216,0,0.0,1081344
case_059,2,5,traffic_price,traffic_price,150782,150782,0,0.0,2072576
case_059,3,2,a2_b1,a2_b1,369318,369318,0,0.0,360448
case_059,3,3,a4_b0,a4_b0,393418,262333,131085,0.3331952274679857,2998272
case_059,3,4,a2_b1,a2_b1,185216,185216,0,0.0,1081344
case_059,3,5,traffic_price,traffic_price,150736,150736,0,0.0,2072576
case_060,1,2,local,local,460975,443469,17506,0.03797602906882147,2632844
case_060,1,3,local,local,311708,295111,16597,0.05324534500237399,3453056
case_060,1,4,local,local,235345,223785,11560,0.0491193779345217,3762432
case_060,1,5,local,local,199873,183959,15914,0.07962055905499987,4262280
case_060,2,2,a4_b0,a4_b0,669401,446786,222615,0.3325585112660423,1638656
case_060,2,3,a4_b0,a4_b0,537491,301953,235538,0.438217570154663,2727168
case_060,2,4,a4_b0,a4_b0,395591,233089,162502,0.4107828540083066,3623168
case_060,2,5,a4_b0,a4_b0,289801,187069,102732,0.35449153039499515,4155776
case_060,3,2,a4_b0,a4_b0,665328,446096,219232,0.32950965538801913,1638656
case_060,3,3,a4_b0,a4_b0,521212,301233,219979,0.4220528307099606,2727168
case_060,3,4,a4_b0,a4_b0,384025,232404,151621,0.39482064969728536,3623168
case_060,3,5,a4_b0,a4_b0,272653,187058,85595,0.31393382797915304,4155776
case_061,1,2,local,local,55814,41210,14604,0.2616547819543483,89088
case_061,1,3,local,local,38242,29964,8278,0.21646357408085348,124928
case_061,1,4,local,local,28693,23622,5071,0.1767330010804029,163584
case_061,1,5,local,local,23941,19417,4524,0.18896453782214606,153344
case_061,2,2,a2_b1,a2_b1,40485,40485,0,0.0,60416
case_061,2,3,a2_b1,a2_b1,28265,28265,0,0.0,111360
case_061,2,4,a2_b1,a2_b1,21321,21321,0,0.0,163584
case_061,2,5,a2_b1,a2_b1,18015,18015,0,0.0,155136
case_061,3,2,a2_b1,a2_b1,40485,40485,0,0.0,60416
case_061,3,3,cache_order_1,cache_order_1,28238,27959,279,0.009880303137616009,111360
case_061,3,4,a2_b1,a2_b1,21321,21321,0,0.0,163584
case_061,3,5,a2_b1,a2_b1,18014,18014,0,0.0,155136
case_062,1,2,budget_0.05,budget_0.05,1976547,1778694,197853,0.10010032647844957,13200384
case_062,1,3,budget_0.05,budget_0.05,1593327,1313563,279764,0.17558479834961682,13200384
case_062,1,4,budget_0.05,budget_0.05,1311695,1045834,265861,0.20268507541768477,13200384
case_062,1,5,budget_0.05,budget_0.05,1137823,880756,257067,0.22592881318096047,13200384
case_062,2,2,release_order_8,release_order_8,1572620,1572229,391,0.0002486296753189121,10850304
case_062,2,3,a2_b1,a2_b1,1086627,1086627,0,0.0,11003904
case_062,2,4,a2_b1,a2_b1,851756,851756,0,0.0,11182080
case_062,2,5,release_order_8,release_order_8,711772,711387,385,0.0005409035477652591,11357184
case_062,3,2,release_order_8,release_order_8,1572620,1572229,391,0.0002486296753189121,10850304
case_062,3,3,a2_b1,a2_b1,1086627,1086627,0,0.0,11003904
case_062,3,4,a2_b1,a2_b1,851756,851756,0,0.0,11182080
case_062,3,5,release_order_8,release_order_8,711772,711387,385,0.0005409035477652591,11357184
case_063,1,2,budget_0.05,budget_0.05,741365,660192,81173,0.10949127622695976,4819968
case_063,1,3,budget_0.05,budget_0.05,599328,496032,103296,0.17235303539964764,4819968
case_063,1,4,budget_0.05,budget_0.05,492275,401646,90629,0.18410238179879135,4819968
case_063,1,5,budget_0.05,budget_0.05,427352,314542,112810,0.2639744285741028,4823040
case_063,2,2,release_order_8,release_order_8,575141,574930,211,0.00036686655967843596,3314688
case_063,2,3,a2_b1,a2_b1,401016,401016,0,0.0,3591168
case_063,2,4,release_order_8,release_order_8,313361,313003,358,0.001142452315380682,3760128
case_063,2,5,release_order_8,release_order_8,260444,259767,677,0.002599407166223866,3941376
case_063,3,2,release_order_8,release_order_8,575141,574930,211,0.00036686655967843596,3314688
case_063,3,3,release_order_4,release_order_4,401016,400982,34,8.478464699668287e-05,3588096
case_063,3,4,release_order_8,release_order_8,313361,313003,358,0.001142452315380682,3760128
case_063,3,5,release_order_8,release_order_8,260444,259767,677,0.002599407166223866,3941376
case_064,1,2,whole_graph,whole_graph,61141,19116,42025,0.687345643676093,0
case_064,1,3,whole_graph,whole_graph,42289,19116,23173,0.5479675565749959,0
case_064,1,4,whole_graph,whole_graph,46006,19116,26890,0.5844889796983002,0
case_064,1,5,whole_graph,whole_graph,34429,19116,15313,0.44477039704899934,0
case_064,2,2,a2_b1,a2_b1,11251,11251,0,0.0,72390
case_064,2,3,inherit_previous_core,a2_b1,12324,11251,1073,0.08706588769879908,72390
case_064,2,4,inherit_previous_core,a2_b1,12170,11251,919,0.07551355792933445,72390
case_064,2,5,inherit_previous_core,a2_b1,12092,11251,841,0.06955011577902748,72390
case_064,3,2,cache_order_2,cache_order_2,11251,11245,6,0.0005332859301395709,72390
case_064,3,3,inherit_previous_core,cache_order_2,12300,11245,1055,0.08577235772357727,72390
case_064,3,4,inherit_previous_core,cache_order_2,12102,11245,857,0.0708147413650636,72390
case_064,3,5,inherit_previous_core,cache_order_2,12062,11245,817,0.06773337754932851,72390
case_065,1,2,local,local,32177,27135,5042,0.15669577648631006,13968
case_065,1,3,local,local,21726,18090,3636,0.16735708367854185,27936
case_065,1,4,local,local,17075,13606,3469,0.20316251830161058,41904
case_065,1,5,local,local,14290,11471,2819,0.1972708187543737,55872
case_065,2,2,traffic_price,traffic_price,26997,25608,1389,0.05145016112901435,13968
case_065,2,3,traffic_price,traffic_price,18272,17899,373,0.02041374781085814,27936
case_065,2,4,release_order_8,release_order_8,13968,13752,216,0.015463917525773141,41904
case_065,2,5,release_order_8,release_order_8,12196,11586,610,0.05001639881928499,55872
case_065,3,2,traffic_price,traffic_price,26997,25492,1505,0.05574693484461235,13968
case_065,3,3,a4_b0,a4_b0,18272,17620,652,0.03568301225919435,348000
case_065,3,4,release_order_8,release_order_8,13968,13752,216,0.015463917525773141,41904
case_065,3,5,release_order_8,release_order_8,12172,11586,586,0.04814327965823206,55872
case_066,1,2,budget_0.05,budget_0.05,541385,208911,332474,0.6141174949435244,3879490
case_066,1,3,budget_0.10,budget_0.10,384049,172702,211347,0.550312590320506,4972332
case_066,1,4,budget_0.10,budget_0.10,307578,154434,153144,0.4979029709537093,4997764
case_066,1,5,inherit_previous_core,budget_0.10,264061,154434,109627,0.41515786125175624,4997764
case_066,2,2,a2_b1,a2_b1,194700,194700,0,0.0,3846972
case_066,2,3,a2_b1,a2_b1,162509,162509,0,0.0,5636232
case_066,2,4,a2_b1,a2_b1,146825,146825,0,0.0,6236818
case_066,2,5,traffic_price,traffic_price,142097,129232,12865,0.09053674602560224,4493142
case_066,3,2,a2_b1,a2_b1,193434,193434,0,0.0,3846972
case_066,3,3,a2_b1,a2_b1,154925,154925,0,0.0,5636232
case_066,3,4,a2_b1,a2_b1,134305,134305,0,0.0,6236818
case_066,3,5,traffic_price,traffic_price,125421,123139,2282,0.018194720182425628,4493142
case_067,1,2,local,local,33860812,33768704,92108,0.0027201946604233918,264024576
case_067,1,3,local,local,23631184,23568859,62325,0.0026374048799248095,263599744
case_067,1,4,local,local,18518776,18473155,45621,0.002463499747499487,263174912
case_067,1,5,local,local,15967384,15931687,35697,0.002235619810984746,262750080
case_067,2,2,pipeline_finish,pipeline_finish,32078763,31801071,277692,0.008656568209939985,201854336
case_067,2,3,a2_b1,a2_b1,21346879,21346879,0,0.0,218789632
case_067,2,4,traffic_price,traffic_price,16659686,16467602,192084,0.011529869170403328,201395328
case_067,2,5,pipeline_finish,pipeline_finish,13798191,13479628,318563,0.023087301806446914,204066304
case_067,3,2,release_order_8,release_order_8,30607739,30580521,27218,0.0008892522247396784,212097408
case_067,3,3,release_order_8,release_order_8,20394268,20389603,4665,0.00022874074225165408,217890560
case_067,3,4,traffic_price,traffic_price,15461092,15389055,72037,0.0046592439913041295,201395328
case_067,3,5,cache_order_1,cache_order_1,12374536,12326444,48092,0.003886367941391855,234236416
case_068,1,2,budget_0.10,budget_0.10,465271,285796,179475,0.38574293261346615,4210966
case_068,1,3,local,local,336576,270201,66375,0.19720657444381062,6395918
case_068,1,4,local,local,274304,255480,18824,0.06862459169388713,6350238
case_068,1,5,fine,fine,242561,242561,0,0.0,7885162
case_068,2,2,a2_b1,a2_b1,198817,198817,0,0.0,2558062
case_068,2,3,a2_b1,a2_b1,162484,162484,0,0.0,4124700
case_068,2,4,a2_b1,a2_b1,139285,139285,0,0.0,4092234
case_068,2,5,a2_b1,a2_b1,133373,133373,0,0.0,4261614
case_068,3,2,cache_order_1,cache_order_1,198000,196749,1251,0.006318181818181778,2558062
case_068,3,3,a2_b1,a2_b1,157390,157390,0,0.0,4124700
case_068,3,4,a2_b1,a2_b1,134016,134016,0,0.0,4092234
case_068,3,5,a2_b1,a2_b1,124662,124662,0,0.0,4261614
case_069,1,2,whole_graph,whole_graph,72046,25144,46902,0.6510007495211393,0
case_069,1,3,whole_graph,whole_graph,52957,25144,27813,0.5251996903147838,0
case_069,1,4,whole_graph,whole_graph,44827,25144,19683,0.43908804961295644,0
case_069,1,5,whole_graph,whole_graph,42713,25144,17569,0.411326762344017,0
case_069,2,2,a2_b1,a2_b1,16965,16965,0,0.0,537572
case_069,2,3,inherit_previous_core,a2_b1,17565,16965,600,0.03415883859948765,537572
case_069,2,4,traffic_price,traffic_price,16600,15620,980,0.0590361445783133,545324
case_069,2,5,traffic_price,traffic_price,16571,13311,3260,0.1967292257558385,461872
case_069,3,2,a2_b1,a2_b1,16820,16820,0,0.0,537572
case_069,3,3,cache_price,cache_price,16432,16255,177,0.010771665043816991,545640
case_069,3,4,traffic_price,traffic_price,14989,14600,389,0.025952365067716365,545324
case_069,3,5,traffic_price,traffic_price,14677,12971,1706,0.11623628806976904,461872
case_070,1,2,local,local,67254,58567,8687,0.12916703839176857,129536
case_070,1,3,local,local,46747,41099,5648,0.12082058741737434,231424
case_070,1,4,local,local,36718,31375,5343,0.145514461571981,360960
case_070,1,5,inherit_previous_core,local,37133,31375,5758,0.15506422858373958,360960
case_070,2,2,release_order_4,release_order_4,56770,55751,1019,0.017949621278844474,129536
case_070,2,3,release_order_8,release_order_8,43397,40524,2873,0.06620273290780465,231424
case_070,2,4,traffic_price,traffic_price,34341,32229,2112,0.06150082991176731,360960
case_070,2,5,a2_b1,a2_b1,31461,31461,0,0.0,583924
case_070,3,2,cache_price,cache_price,56671,56581,90,0.0015881138501173675,129536
case_070,3,3,a4_b0,a4_b0,43348,40478,2870,0.06620836024730092,384224
case_070,3,4,release_order_8,release_order_8,34308,30977,3331,0.09709105747930513,360960
case_070,3,5,a2_b1,a2_b1,27103,27103,0,0.0,583924
case_071,1,2,whole_graph,whole_graph,53239,18919,34320,0.6446402073667801,0
case_071,1,3,whole_graph,whole_graph,38947,18919,20028,0.5142372968392944,0
case_071,1,4,whole_graph,whole_graph,34737,18919,15818,0.45536459682759023,0
case_071,1,5,whole_graph,whole_graph,31531,18919,12612,0.39998731407186583,0
case_071,2,2,traffic_price,traffic_price,13916,12663,1253,0.09004024144869216,199878
case_071,2,3,a2_b1,a2_b1,11222,11222,0,0.0,432330
case_071,2,4,inherit_previous_core,a2_b1,11433,11222,211,0.018455348552435913,432330
case_071,2,5,inherit_previous_core,a2_b1,12352,11222,1130,0.09148316062176165,432330
case_071,3,2,traffic_price,traffic_price,13393,12481,912,0.06809527365041435,199878
case_071,3,3,cache_order_1,cache_order_1,10498,10460,38,0.003619737092779629,432330
case_071,3,4,a2_b1,a2_b1,10292,10292,0,0.0,455246
case_071,3,5,cache_price,cache_price,11318,10194,1124,0.09931083230252691,375090
case_072,1,2,fine,fine,11750222,11750222,0,0.0,175833776
case_072,1,3,budget_0.10,budget_0.10,7895117,7858771,36346,0.00460360498774115,173624096
case_072,1,4,fine,fine,5932513,5932513,0,0.0,175833776
case_072,1,5,fine,fine,4762722,4762722,0,0.0,175833776
case_072,2,2,a4_b0,a4_b0,15900615,12185549,3715066,0.23364291255401126,87886624
case_072,2,3,a4_b0,a4_b0,11846055,8105956,3740099,0.31572527731806077,85404448
case_072,2,4,a4_b0,a4_b0,9995832,6066448,3929384,0.39310224501572255,99724064
case_072,2,5,a4_b0,a4_b0,8758247,4818006,3940241,0.4498892301164834,85967536
case_072,3,2,a4_b0,a4_b0,15886822,12170258,3716564,0.23394005421600372,87886624
case_072,3,3,a4_b0,a4_b0,11831379,8108708,3722671,0.31464388048088054,85404448
case_072,3,4,a4_b0,a4_b0,9953916,6061274,3892642,0.39106639035330415,99724064
case_072,3,5,a4_b0,a4_b0,8721400,4797450,3923950,0.449922030866604,85967536
case_073,1,2,local,local,6071178,5980423,90755,0.014948499286299932,141121024
case_073,1,3,local,local,4565500,4515227,50273,0.01101149928813927,140671616
case_073,1,4,local,local,3936556,3903787,32769,0.008324281427725122,140222208
case_073,1,5,local,local,3539849,3517515,22334,0.006309308673901115,139772800
case_073,2,2,pipeline_finish,pipeline_finish,5647080,5614838,32242,0.0057094994227104845,96982400
case_073,2,3,release_order_8,release_order_8,4300595,4296945,3650,0.0008487197701713134,93165824
case_073,2,4,a2_b1,a2_b1,3346918,3346918,0,0.0,104884352
case_073,2,5,a2_b1,a2_b1,3046190,3046190,0,0.0,109212160
case_073,3,2,release_order_8,release_order_8,4368446,4366361,2085,0.00047728643091848877,96988032
case_073,3,3,cache_price,cache_price,3223907,3031282,192625,0.05974893196360809,95546368
case_073,3,4,pipeline_finish,pipeline_finish,2304649,2283128,21521,0.009338081417170296,99816320
case_073,3,5,pipeline_finish,pipeline_finish,1937165,1891029,46136,0.023816246938180297,102541312
case_074,1,2,budget_0.10,budget_0.10,853169,840990,12179,0.014275014680561582,13983744
case_074,1,3,local,local,583713,568771,14942,0.025598196373902926,7897096
case_074,1,4,budget_0.10,budget_0.10,435987,430297,5690,0.013050847846380775,13983744
case_074,1,5,local,local,351849,346076,5773,0.01640760667218044,9052160
case_074,2,2,a4_b0,a4_b0,851535,851239,296,0.0003476075557669045,7053312
case_074,2,3,a4_b0,a4_b0,574374,556091,18283,0.03183117620226539,7520256
case_074,2,4,a4_b0,a4_b0,523141,419816,103325,0.1975088933958531,8679424
case_074,2,5,a4_b0,a4_b0,518155,356125,162030,0.312705657573506,9060352
case_074,3,2,release_order_8,release_order_8,849031,846652,2379,0.0028020178297376575,13713860
case_074,3,3,a4_b0,a4_b0,566266,555883,10383,0.018335905740411773,7520256
case_074,3,4,a4_b0,a4_b0,464671,418275,46396,0.09984698851445428,8679424
case_074,3,5,a4_b0,a4_b0,436872,352263,84609,0.19366999945064,9060352
case_075,1,2,budget_0.05,budget_0.05,1382473,1007298,375175,0.2713796218804997,12021522
case_075,1,3,budget_0.10,budget_0.10,958187,807709,150478,0.15704450175174578,14899370
case_075,1,4,local,local,776863,644597,132266,0.17025653171794775,18039658
case_075,1,5,local,local,641540,590385,51155,0.0797378183745363,18187980
case_075,2,2,a2_b1,a2_b1,706053,706053,0,0.0,7171782
case_075,2,3,a2_b1,a2_b1,518569,518569,0,0.0,12370060
case_075,2,4,a2_b1,a2_b1,423056,423056,0,0.0,11764946
case_075,2,5,traffic_price,traffic_price,375457,370650,4807,0.012803063999339503,10060824
case_075,3,2,a2_b1,a2_b1,705534,705534,0,0.0,7171782
case_075,3,3,a2_b1,a2_b1,515113,515113,0,0.0,12370060
case_075,3,4,a2_b1,a2_b1,415215,415215,0,0.0,11764946
case_075,3,5,a2_b1,a2_b1,352998,352998,0,0.0,13257944
case_076,1,2,local,local,3219251,3069852,149399,0.046407999873262495,31259648
case_076,1,3,local,local,2149950,2061416,88534,0.04117956231540265,34851840
case_076,1,4,local,local,1614207,1543207,71000,0.043984445613233,36415488
case_076,1,5,local,local,1339237,1238672,100565,0.07509126465293292,38046720
case_076,2,2,a4_b0,a4_b0,5342971,3187085,2155886,0.4034994762277392,22265856
case_076,2,3,a4_b0,a4_b0,4056732,2097446,1959286,0.4829715150027165,24788992
case_076,2,4,a4_b0,a4_b0,3557946,1549200,2008746,0.5645802381486397,26028032
case_076,2,5,a4_b0,a4_b0,3439139,1266058,2173081,0.6318677436416498,28599296
case_076,3,2,a4_b0,a4_b0,5341052,3175704,2165348,0.4054160116771003,22265856
case_076,3,3,a4_b0,a4_b0,4053030,2094661,1958369,0.48318640621954434,24788992
case_076,3,4,a4_b0,a4_b0,3549383,1546618,2002765,0.5642572244246394,26028032
case_076,3,5,a4_b0,a4_b0,3289993,1255130,2034863,0.6185007080562177,28599296
case_077,1,2,local,local,271874,259128,12746,0.046882011520042344,57344
case_077,1,3,budget_0.05,budget_0.05,272464,191419,81045,0.29745214046626345,2390050
case_077,1,4,budget_0.05,budget_0.05,215030,148720,66310,0.30837557550109285,2334778
case_077,1,5,budget_0.05,budget_0.05,182715,137449,45266,0.247741017431519,2390050
case_077,2,2,a4_b0,a4_b0,262035,254351,7684,0.02932432690289466,1062582
case_077,2,3,a2_b1,a2_b1,183392,183392,0,0.0,1418284
case_077,2,4,a2_b1,a2_b1,141395,141395,0,0.0,1665090
case_077,2,5,a2_b1,a2_b1,126955,126955,0,0.0,2119250
case_077,3,2,a4_b0,a4_b0,262035,254186,7849,0.029954013776785526,1062582
case_077,3,3,cache_order_1,cache_order_1,181656,181181,475,0.002614832430528069,1418284
case_077,3,4,a2_b1,a2_b1,139517,139517,0,0.0,1665090
case_077,3,5,a2_b1,a2_b1,120161,120161,0,0.0,2119250
case_078,1,2,fine,fine,1080972,1080972,0,0.0,15039360
case_078,1,3,fine,fine,850256,850256,0,0.0,15039360
case_078,1,4,fine,fine,619540,619540,0,0.0,15039360
case_078,1,5,budget_0.10,budget_0.10,625636,617463,8173,0.013063506575708539,19487616
case_078,2,2,a2_b1,a2_b1,1050081,1050081,0,0.0,2775600
case_078,2,3,a2_b1,a2_b1,721597,721597,0,0.0,7670016
case_078,2,4,pipeline_finish,pipeline_finish,544785,530628,14157,0.025986398303918024,7410912
case_078,2,5,a2_b1,a2_b1,487321,487321,0,0.0,12579840
case_078,3,2,a2_b1,a2_b1,1049840,1049840,0,0.0,2775600
case_078,3,3,a2_b1,a2_b1,709779,709779,0,0.0,7670016
case_078,3,4,pipeline_finish,pipeline_finish,532665,530628,2037,0.0038241671594717586,7410912
case_078,3,5,a2_b1,a2_b1,453503,453503,0,0.0,12579840
case_079,1,2,fine,fine,14893820,14893820,0,0.0,91508736
case_079,1,3,fine,fine,9965372,9965372,0,0.0,91508736
case_079,1,4,fine,fine,7501148,7501148,0,0.0,91508736
case_079,1,5,fine,fine,6063684,6063684,0,0.0,91508736
case_079,2,2,a4_b0,a4_b0,23506435,15446486,8059949,0.34288266170518844,31780864
case_079,2,3,a4_b0,a4_b0,16036591,10181692,5854899,0.36509623522854706,39960576
case_079,2,4,a4_b0,a4_b0,13427887,7635624,5792263,0.43136071967242495,30445568
case_079,2,5,a4_b0,a4_b0,11712490,6075976,5636514,0.4812395997776733,47677440
case_079,3,2,a4_b0,a4_b0,23488863,15446486,8042377,0.342391072739451,31780864
case_079,3,3,a4_b0,a4_b0,16079532,10175315,5904217,0.367188360954784,39960576
case_079,3,4,a4_b0,a4_b0,13431618,7635624,5795994,0.43151867481639217,30445568
case_079,3,5,a4_b0,a4_b0,11671802,6075472,5596330,0.47947437764965517,47677440
case_080,1,2,local,local,151640,145926,5714,0.03768135056713273,2191360
case_080,1,3,local,local,120710,100325,20385,0.1688758180763814,3047424
case_080,1,4,inherit_previous_core,local,123120,100325,22795,0.18514457439896037,3047424
case_080,1,5,inherit_previous_core,local,119170,100325,18845,0.1581354367709994,3047424
case_080,2,2,a4_b0,a4_b0,188857,145926,42931,0.22732014169450965,2191360
case_080,2,3,a2_b1,a2_b1,100325,100325,0,0.0,3047424
case_080,2,4,traffic_price,traffic_price,111314,91774,19540,0.175539464937025,2666496
case_080,2,5,traffic_price,traffic_price,113455,89345,24110,0.21250716142964166,3047424
case_080,3,2,a4_b0,a4_b0,188893,145674,43219,0.2288014907910828,2191360
case_080,3,3,a2_b1,a2_b1,100325,100325,0,0.0,3047424
case_080,3,4,cache_price,cache_price,90584,90584,0,0.0,2666496
case_080,3,5,cache_price,cache_price,90408,85328,5080,0.0561897177240952,3047424
case_081,1,2,local,local,86905,76860,10045,0.11558598469593229,0
case_081,1,3,local,local,61579,51943,9636,0.1564819175368226,0
case_081,1,4,local,local,50323,39588,10735,0.21332194026588236,0
case_081,1,5,local,local,42111,30943,11168,0.2652038659732612,0
case_081,2,2,a2_b1,a2_b1,76860,76860,0,0.0,0
case_081,2,3,a2_b1,a2_b1,51943,51943,0,0.0,0
case_081,2,4,a2_b1,a2_b1,39588,39588,0,0.0,0
case_081,2,5,a2_b1,a2_b1,30943,30943,0,0.0,0
case_081,3,2,a2_b1,a2_b1,76860,76860,0,0.0,0
case_081,3,3,a2_b1,a2_b1,51943,51943,0,0.0,0
case_081,3,4,a2_b1,a2_b1,39588,39588,0,0.0,0
case_081,3,5,a2_b1,a2_b1,30943,30943,0,0.0,0
case_082,1,2,budget_0.05,budget_0.05,747520,511186,236334,0.31615742722602735,6941048
case_082,1,3,budget_0.10,budget_0.10,521362,372096,149266,0.2863001139323541,8404624
case_082,1,4,budget_0.10,budget_0.10,408128,345652,62476,0.15307942606241176,8386284
case_082,1,5,local,local,345417,313395,32022,0.09270533876444997,10543602
case_082,2,2,a2_b1,a2_b1,390429,390429,0,0.0,2841734
case_082,2,3,a2_b1,a2_b1,269304,269304,0,0.0,5694796
case_082,2,4,a2_b1,a2_b1,219266,219266,0,0.0,6880242
case_082,2,5,traffic_price,traffic_price,205110,195745,9365,0.04565842718541269,6428532
case_082,3,2,cache_order_1,cache_order_1,390227,389808,419,0.00107373400610411,2841734
case_082,3,3,a2_b1,a2_b1,267271,267271,0,0.0,5694796
case_082,3,4,a2_b1,a2_b1,209258,209258,0,0.0,6880242
case_082,3,5,a2_b1,a2_b1,188787,188787,0,0.0,9017940
case_083,1,2,fine,fine,624895,624895,0,0.0,27912000
case_083,1,3,local,local,579215,512623,66592,0.11496939823726937,14842752
case_083,1,4,local,local,547412,450029,97383,0.17789708665502402,14977600
case_083,1,5,local,local,542671,442480,100191,0.18462567559349952,15058048
case_083,2,2,traffic_price,traffic_price,455495,437243,18252,0.040070692323735724,4415072
case_083,2,3,traffic_price,traffic_price,347389,315393,31996,0.09210424049120725,6764736
case_083,2,4,traffic_price,traffic_price,321140,245866,75274,0.23439621348944384,6038304
case_083,2,5,traffic_price,traffic_price,315996,227817,88179,0.27905100064557775,8447360
case_083,3,2,traffic_price,traffic_price,449258,437229,12029,0.026775260540713774,4415072
case_083,3,3,cache_price,cache_price,328685,305009,23676,0.07203249311650972,6448320
case_083,3,4,cache_price,cache_price,297318,235792,61526,0.20693668059115156,5510944
case_083,3,5,cache_price,cache_price,271352,220007,51345,0.18921916919720516,8176000
case_084,1,2,local,local,1476604,1255052,221552,0.15004158190008965,0
case_084,1,3,local,local,1039564,836220,203344,0.19560508059147874,0
case_084,1,4,local,local,823472,629028,194444,0.23612703285600478,0
case_084,1,5,local,local,692360,503472,188888,0.2728176093361835,0
case_084,2,2,a2_b1,a2_b1,1255052,1255052,0,0.0,0
case_084,2,3,a2_b1,a2_b1,836220,836220,0,0.0,0
case_084,2,4,a2_b1,a2_b1,629028,629028,0,0.0,0
case_084,2,5,a2_b1,a2_b1,503472,503472,0,0.0,0
case_084,3,2,a2_b1,a2_b1,1255052,1255052,0,0.0,0
case_084,3,3,a2_b1,a2_b1,836220,836220,0,0.0,0
case_084,3,4,a2_b1,a2_b1,629028,629028,0,0.0,0
case_084,3,5,a2_b1,a2_b1,503472,503472,0,0.0,0
case_085,1,2,budget_0.05,budget_0.05,3432968,2214918,1218050,0.3548095991573472,34500232
case_085,1,3,budget_0.05,budget_0.05,2374222,1583476,790746,0.3330547859467228,34500232
case_085,1,4,budget_0.10,budget_0.10,1987909,1375760,612149,0.30793612786098357,40716984
case_085,1,5,budget_0.10,budget_0.10,1616780,1297473,319307,0.19749563948094362,40634620
case_085,2,2,a2_b1,a2_b1,1667259,1667259,0,0.0,20418782
case_085,2,3,traffic_price,traffic_price,1275193,1243771,31422,0.02464097591501835,20020524
case_085,2,4,a2_b1,a2_b1,960680,960680,0,0.0,26378962
case_085,2,5,traffic_price,traffic_price,906057,806355,99702,0.11003943460510768,28143544
case_085,3,2,cache_order_1,cache_order_1,1664048,1663005,1043,0.0006267848042844637,20418782
case_085,3,3,traffic_price,traffic_price,1271856,1243139,28717,0.02257881395378092,20020524
case_085,3,4,a2_b1,a2_b1,955865,955865,0,0.0,26378962
case_085,3,5,traffic_price,traffic_price,839870,797805,42065,0.05008513222284405,28143544
case_086,1,2,whole_graph,whole_graph,365098,118403,246695,0.6756952927707081,0
case_086,1,3,whole_graph,whole_graph,263062,118403,144659,0.5499045852308582,0
case_086,1,4,whole_graph,whole_graph,217618,118403,99215,0.4559135733257359,0
case_086,1,5,whole_graph,whole_graph,192617,118403,74214,0.38529309458666683,0
case_086,2,2,a2_b1,a2_b1,73755,73755,0,0.0,2875494
case_086,2,3,traffic_price,traffic_price,83678,71121,12557,0.15006333803389182,2156940
case_086,2,4,traffic_price,traffic_price,91949,63310,28639,0.31146613883783403,2533746
case_086,2,5,inherit_previous_core,traffic_price,97629,63310,34319,0.3515246494381792,2533746
case_086,3,2,cache_order_2,cache_order_2,73560,73248,312,0.004241435562805873,2875494
case_086,3,3,cache_price,cache_price,77432,69498,7934,0.1024640975307366,2245354
case_086,3,4,traffic_price,traffic_price,80884,60626,20258,0.2504574452302062,2533746
case_086,3,5,inherit_previous_core,traffic_price,80890,60626,20264,0.25051304240326366,2533746
case_087,1,2,local,local,2010795,1985234,25561,0.012711887586750459,9999360
case_087,1,3,local,local,1393936,1385354,8582,0.00615666716405916,10441728
case_087,1,4,budget_0.05,budget_0.05,1391770,1182295,209475,0.15050978250716718,35412968
case_087,1,5,budget_0.05,budget_0.05,1573244,1042844,530400,0.33713778663703786,44279128
case_087,2,2,a4_b0,a4_b0,2330279,2187931,142348,0.06108624761241033,10580824
case_087,2,3,a4_b0,a4_b0,1599951,1494549,105402,0.06587826752194281,31013160
case_087,2,4,a4_b0,a4_b0,1505723,1239495,266228,0.1768107414179102,34952996
case_087,2,5,a4_b0,a4_b0,1498179,1151646,346533,0.2313028016011438,40490720
case_087,3,2,a4_b0,a4_b0,2330067,2173642,156425,0.06713326269158781,10580824
case_087,3,3,a4_b0,a4_b0,1545361,1462436,82925,0.053660600985789064,31013160
case_087,3,4,a4_b0,a4_b0,1439406,1189206,250200,0.17382170145184894,34952996
case_087,3,5,a4_b0,a4_b0,1331523,1064367,267156,0.2006394181700204,40490720
case_088,1,2,budget_0.10,budget_0.10,315272,189450,125822,0.39909030932020606,3087190
case_088,1,3,local,local,227027,174412,52615,0.23175657520911608,4419860
case_088,1,4,local,local,186991,171954,15037,0.08041563497708448,4480840
case_088,1,5,fine,fine,164635,164635,0,0.0,5459650
case_088,2,2,a2_b1,a2_b1,136209,136209,0,0.0,1856518
case_088,2,3,a2_b1,a2_b1,112381,112381,0,0.0,3008244
case_088,2,4,a2_b1,a2_b1,95359,95359,0,0.0,2964628
case_088,2,5,a2_b1,a2_b1,93049,93049,0,0.0,2884378
case_088,3,2,cache_order_1,cache_order_1,135929,135533,396,0.0029132856123417206,1856518
case_088,3,3,a2_b1,a2_b1,108903,108903,0,0.0,3008244
case_088,3,4,a2_b1,a2_b1,92523,92523,0,0.0,2964628
case_088,3,5,a2_b1,a2_b1,88382,88382,0,0.0,2884378
case_089,1,2,local,local,356940,346832,10108,0.028318484899422902,238720
case_089,1,3,local,local,260608,243614,16994,0.06520904960707274,477440
case_089,1,4,local,local,223700,178160,45540,0.20357621814930715,716160
case_089,1,5,local,local,210236,147432,62804,0.2987309499800225,954880
case_089,2,2,a2_b1,a2_b1,346832,346832,0,0.0,238720
case_089,2,3,a2_b1,a2_b1,243614,243614,0,0.0,477440
case_089,2,4,a2_b1,a2_b1,178160,178160,0,0.0,716160
case_089,2,5,a2_b1,a2_b1,147432,147432,0,0.0,954880
case_089,3,2,a2_b1,a2_b1,346832,346832,0,0.0,238720
case_089,3,3,a2_b1,a2_b1,243614,243614,0,0.0,477440
case_089,3,4,a2_b1,a2_b1,178160,178160,0,0.0,716160
case_089,3,5,a2_b1,a2_b1,147432,147432,0,0.0,954880
case_090,1,2,fine,fine,679752,679752,0,0.0,25781760
case_090,1,3,fine,fine,589444,589444,0,0.0,25781760
case_090,1,4,fine,fine,565296,565296,0,0.0,25781760
case_090,1,5,fine,fine,522053,522053,0,0.0,25781760
case_090,2,2,a2_b1,a2_b1,469386,469386,0,0.0,3239088
case_090,2,3,a2_b1,a2_b1,339856,339856,0,0.0,5771136
case_090,2,4,a2_b1,a2_b1,298366,298366,0,0.0,7914336
case_090,2,5,traffic_price,traffic_price,289776,258310,31466,0.1085873226216112,6453888
case_090,3,2,cache_order_1,cache_order_1,461677,460776,901,0.0019515808671430879,3239088
case_090,3,3,a2_b1,a2_b1,320255,320255,0,0.0,5771136
case_090,3,4,a2_b1,a2_b1,265587,265587,0,0.0,7914336
case_090,3,5,traffic_price,traffic_price,272426,239721,32705,0.12005094961567542,6453888
case_091,1,2,local,local,4634673,4590046,44627,0.009628942538125074,57827296
case_091,1,3,local,local,3102638,3074053,28585,0.009213127667488163,63387968
case_091,1,4,local,local,2358273,2314405,43868,0.018601747974047123,66813600
case_091,1,5,local,local,2014429,1887391,127038,0.0630640245945625,73180672
case_091,2,2,a4_b0,a4_b0,6834058,4724946,2109112,0.30861780804318606,38902240
case_091,2,3,a4_b0,a4_b0,5108148,3143491,1964657,0.3846123878947908,43180352
case_091,2,4,a4_b0,a4_b0,4338529,2364772,1973757,0.45493691525399504,46088352
case_091,2,5,a4_b0,a4_b0,4193802,1897430,2296372,0.5475632850573298,52123648
case_091,3,2,a4_b0,a4_b0,6829590,4711975,2117615,0.31006473302204085,38902240
case_091,3,3,a4_b0,a4_b0,5069128,3124791,1944337,0.3835643921400288,43180352
case_091,3,4,a4_b0,a4_b0,4326697,2350959,1975738,0.4566388633176762,46088352
case_091,3,5,a4_b0,a4_b0,3922650,1883807,2038843,0.5197616407275694,52123648
case_092,1,2,fine,fine,2821724,2821724,0,0.0,131186400
case_092,1,3,local,local,2615991,2231804,384187,0.14686097926177877,66784736
case_092,1,4,local,local,2501964,1927728,574236,0.22951409372796727,67180384
case_092,1,5,local,local,2438012,1661234,776778,0.3186112291489952,66980256
case_092,2,2,traffic_price,traffic_price,2162750,2149214,13536,0.006258698416368058,16659040
case_092,2,3,pipeline_finish,pipeline_finish,1607316,1492686,114630,0.07131765004516843,32211136
case_092,2,4,traffic_price,traffic_price,1273402,1095275,178127,0.13988277071969413,20694816
case_092,2,5,traffic_price,traffic_price,1314490,886389,428101,0.325678399987828,22817152
case_092,3,2,cache_price,cache_price,2161490,2135125,26365,0.012197604430277287,16661088
case_092,3,3,traffic_price,traffic_price,1565030,1452049,112981,0.07219094841632434,29052096
case_092,3,4,cache_price,cache_price,1271195,1077873,193322,0.1520789493350745,22267680
case_092,3,5,traffic_price,traffic_price,1237907,867166,370741,0.29949018787356396,22817152
case_093,1,2,local,local,52785,37827,14958,0.2833759590792839,8192
case_093,1,3,local,local,37137,25103,12034,0.3240434068449255,16384
case_093,1,4,local,local,31229,19779,11450,0.3666463863716417,24576
case_093,1,5,local,local,28635,15876,12759,0.44557359874279723,32768
case_093,2,2,a2_b1,a2_b1,37827,37827,0,0.0,8192
case_093,2,3,a2_b1,a2_b1,25103,25103,0,0.0,16384
case_093,2,4,a2_b1,a2_b1,19779,19779,0,0.0,24576
case_093,2,5,a2_b1,a2_b1,15876,15876,0,0.0,32768
case_093,3,2,a2_b1,a2_b1,37827,37827,0,0.0,8192
case_093,3,3,a2_b1,a2_b1,25103,25103,0,0.0,16384
case_093,3,4,a2_b1,a2_b1,19779,19779,0,0.0,24576
case_093,3,5,a2_b1,a2_b1,15876,15876,0,0.0,32768
case_094,1,2,local,local,57148,47805,9343,0.16348778609925108,106272
case_094,1,3,local,local,40446,31805,8641,0.21364288186718094,212544
case_094,1,4,local,local,32839,24487,8352,0.2543317396997472,318816
case_094,1,5,local,local,28729,21846,6883,0.23958369591701767,314208
case_094,2,2,a2_b1,a2_b1,47255,47255,0,0.0,106272
case_094,2,3,a4_b0,a4_b0,32970,30734,2236,0.06781922960266906,756288
case_094,2,4,a2_b1,a2_b1,25275,25275,0,0.0,318816
case_094,2,5,traffic_price,traffic_price,21576,21183,393,0.01821468298109008,259200
case_094,3,2,cache_order_1,cache_order_1,47255,46597,658,0.013924452438895396,106272
case_094,3,3,a4_b0,a4_b0,32916,30277,2639,0.08017377567140604,756288
case_094,3,4,release_order_8,release_order_8,24591,23618,973,0.03956732137773977,318816
case_094,3,5,cache_price,cache_price,20652,20557,95,0.004600038737168299,259200
case_095,1,2,local,local,1208030,1042890,165140,0.136701903098433,0
case_095,1,3,local,local,852906,695775,157131,0.18423014962961926,0
case_095,1,4,local,local,677650,524422,153228,0.22611672692392826,0
case_095,1,5,local,local,571574,420852,150722,0.263696389268931,0
case_095,2,2,a2_b1,a2_b1,1042890,1042890,0,0.0,0
case_095,2,3,a2_b1,a2_b1,695775,695775,0,0.0,0
case_095,2,4,a2_b1,a2_b1,524422,524422,0,0.0,0
case_095,2,5,a2_b1,a2_b1,420852,420852,0,0.0,0
case_095,3,2,a2_b1,a2_b1,1042890,1042890,0,0.0,0
case_095,3,3,a2_b1,a2_b1,695775,695775,0,0.0,0
case_095,3,4,a2_b1,a2_b1,524422,524422,0,0.0,0
case_095,3,5,a2_b1,a2_b1,420852,420852,0,0.0,0
case_096,1,2,budget_0.05,budget_0.05,59783,45933,13850,0.23167121087934694,590394
case_096,1,3,local,local,42147,33589,8558,0.20305122547275012,320380
case_096,1,4,budget_0.10,budget_0.10,32560,26503,6057,0.18602579852579848,808056
case_096,1,5,budget_0.10,budget_0.10,27706,24648,3058,0.11037320436006637,806008
case_096,2,2,a4_b0,a4_b0,44348,44261,87,0.001961757012717613,102384
case_096,2,3,a2_b1,a2_b1,29468,29468,0,0.0,225108
case_096,2,4,a2_b1,a2_b1,24637,24637,0,0.0,285256
case_096,2,5,a2_b1,a2_b1,20662,20662,0,0.0,321108
case_096,3,2,a4_b0,a4_b0,44102,43953,149,0.0033785315858690934,102384
case_096,3,3,a2_b1,a2_b1,27845,27845,0,0.0,225108
case_096,3,4,a2_b1,a2_b1,22198,22198,0,0.0,285256
case_096,3,5,a2_b1,a2_b1,17771,17771,0,0.0,321108
case_097,1,2,fine,fine,5192028,5192028,0,0.0,29818880
case_097,1,3,fine,fine,3577028,3577028,0,0.0,29818880
case_097,1,4,fine,fine,2608028,2608028,0,0.0,29818880
case_097,1,5,local,local,2123528,2102348,21180,0.00997396784972937,21311488
case_097,2,2,a4_b0,a4_b0,6860108,5617602,1242506,0.18112047215583194,11796480
case_097,2,3,a4_b0,a4_b0,4036499,3660459,376040,0.09315993884799678,16031744
case_097,2,4,a4_b0,a4_b0,3123936,2626908,497028,0.15910313143419075,14221312
case_097,2,5,a4_b0,a4_b0,2986641,2102348,884293,0.29608278999719084,21311488
case_097,3,2,a4_b0,a4_b0,6860108,5617602,1242506,0.18112047215583194,11796480
case_097,3,3,a4_b0,a4_b0,4032103,3660338,371765,0.09220126569187348,16031744
case_097,3,4,a4_b0,a4_b0,3121870,2626908,494962,0.15854664031493948,14221312
case_097,3,5,a4_b0,a4_b0,2812969,2102250,710719,0.25265795677094205,21311488
case_098,1,2,budget_0.05,budget_0.05,110418,102522,7896,0.07151007987828073,639256
case_098,1,3,budget_0.05,budget_0.05,78447,74344,4103,0.052302828661389245,639256
case_098,1,4,budget_0.05,budget_0.05,60254,57508,2746,0.04557373784313079,639256
case_098,1,5,budget_0.05,budget_0.05,58650,49054,9596,0.163614663256607,836068
case_098,2,2,pipeline_finish,pipeline_finish,90921,90809,112,0.0012318386291395589,213100
case_098,2,3,pipeline_finish,pipeline_finish,62654,61410,1244,0.019855077090050077,344244
case_098,2,4,pipeline_finish,pipeline_finish,47621,47208,413,0.008672644421578668,344268
case_098,2,5,a2_b1,a2_b1,41425,41425,0,0.0,307836
case_098,3,2,cache_price,cache_price,90920,90807,113,0.0012428508578971043,213100
case_098,3,3,pipeline_finish,pipeline_finish,62158,61230,928,0.01492969529264132,344244
case_098,3,4,cache_price,cache_price,47621,46494,1127,0.023666029692782642,278728
case_098,3,5,a2_b1,a2_b1,40825,40825,0,0.0,307836
case_099,1,2,local,local,846484,811392,35092,0.04145618818548258,7303168
case_099,1,3,local,local,568995,539533,29462,0.05177901387534156,8011776
case_099,1,4,local,local,433359,405882,27477,0.06340470602895054,9248768
case_099,1,5,local,local,418733,336826,81907,0.19560674702017755,10371072
case_099,2,2,a4_b0,a4_b0,918358,818991,99367,0.10820072346514109,3538944
case_099,2,3,a4_b0,a4_b0,654504,543261,111243,0.169965347805361,4186112
case_099,2,4,a4_b0,a4_b0,500908,415545,85363,0.17041652359315484,6991872
case_099,2,5,a4_b0,a4_b0,487699,332706,154993,0.3178046294948319,8798208
case_099,3,2,a4_b0,a4_b0,917138,816791,100347,0.10941319626926371,3538944
case_099,3,3,a4_b0,a4_b0,649934,543192,106742,0.1642351377216763,4186112
case_099,3,4,a4_b0,a4_b0,495987,414781,81206,0.16372606540090773,6991872
case_099,3,5,a4_b0,a4_b0,431024,332250,98774,0.2291612532016779,8798208
case_100,1,2,budget_0.05,budget_0.05,103498,86515,16983,0.16409012734545592,1355558
case_100,1,3,budget_0.05,budget_0.05,78056,59472,18584,0.2380854770933689,1355562
case_100,1,4,budget_0.05,budget_0.05,65376,47774,17602,0.2692425354870289,1355558
case_100,1,5,budget_0.05,budget_0.05,55619,44846,10773,0.19369280281918044,1355554
case_100,2,2,a2_b1,a2_b1,72999,72999,0,0.0,301764
case_100,2,3,a2_b1,a2_b1,52086,52086,0,0.0,374036
case_100,2,4,a2_b1,a2_b1,42908,42908,0,0.0,528228
case_100,2,5,a2_b1,a2_b1,37116,37116,0,0.0,457100
case_100,3,2,a2_b1,a2_b1,71000,71000,0,0.0,301764
case_100,3,3,a2_b1,a2_b1,51488,51488,0,0.0,374036
case_100,3,4,a2_b1,a2_b1,40775,40775,0,0.0,528228
case_100,3,5,a2_b1,a2_b1,34583,34583,0,0.0,457100
