q,k,comparison,group_type,group,cases,mean_ratio,median_ratio,min_ratio,worst_case,faster,equal,slower
1,1,单核基准,计算节点规模,第1四分位，552—1098,25,1.0,1.0,1.0,case_001,0,25,0
1,1,单核基准,计算节点规模,第2四分位，1115—3696,25,1.0,1.0,1.0,case_002,0,25,0
1,1,单核基准,计算节点规模,第3四分位，3745—7008,25,1.0,1.0,1.0,case_005,0,25,0
1,1,单核基准,计算节点规模,第4四分位，7360—35705,25,1.0,1.0,1.0,case_003,0,25,0
1,1,单核基准,计算关键路径,第1四分位，400—2484,25,1.0,1.0,1.0,case_001,0,25,0
1,1,单核基准,计算关键路径,第2四分位，2506—5980,25,1.0,1.0,1.0,case_002,0,25,0
1,1,单核基准,计算关键路径,第3四分位，6300—23904,25,1.0,1.0,1.0,case_005,0,25,0
1,1,单核基准,计算关键路径,第4四分位，27474—863040,25,1.0,1.0,1.0,case_003,0,25,0
1,1,单核基准,弱连通分量,单分量,16,1.0,1.0,1.0,case_002,0,16,0
1,1,单核基准,弱连通分量,多分量,84,1.0,1.0,1.0,case_001,0,84,0
1,2,单核基准,计算节点规模,第1四分位，552—1098,25,1.8058637886198945,1.9184761660028267,1.0,case_064,22,3,0
1,2,单核基准,计算节点规模,第2四分位，1115—3696,25,1.8216654294229575,1.9749544626593807,1.1484475131268863,case_048,25,0,0
1,2,单核基准,计算节点规模,第3四分位，3745—7008,25,1.7157572774881025,1.911487758945386,1.0,case_086,24,1,0
1,2,单核基准,计算节点规模,第4四分位，7360—35705,25,1.7454934151911137,1.890354868223548,1.0,case_047,23,2,0
1,2,单核基准,计算关键路径,第1四分位，400—2484,25,1.9164422459906085,1.9946435294520313,1.0,case_069,23,2,0
1,2,单核基准,计算关键路径,第2四分位，2506—5980,25,1.8693264554015325,1.9908933320107882,1.0,case_064,24,1,0
1,2,单核基准,计算关键路径,第3四分位，6300—23904,25,1.6449358638051397,1.8329741144710774,1.0,case_047,22,3,0
1,2,单核基准,计算关键路径,第4四分位，27474—863040,25,1.6580753455247874,1.693073236303699,1.1484475131268863,case_048,25,0,0
1,2,单核基准,弱连通分量,单分量,16,1.2910109171405288,1.4184981879527365,1.0,case_047,11,5,0
1,2,单核基准,弱连通分量,多分量,84,1.8638490844500386,1.9848782075368883,1.0,case_056,83,1,0
1,3,单核基准,计算节点规模,第1四分位，552—1098,25,2.542545372531302,2.7456267995913186,1.0,case_064,22,3,0
1,3,单核基准,计算节点规模,第2四分位，1115—3696,25,2.5317047754244877,2.8241500796249683,1.2497227910289512,case_044,25,0,0
1,3,单核基准,计算节点规模,第3四分位，3745—7008,25,2.292144296338867,2.5876219184093534,1.0,case_086,24,1,0
1,3,单核基准,计算节点规模,第4四分位，7360—35705,25,2.397696838410146,2.7084397254869232,1.0,case_047,24,1,0
1,3,单核基准,计算关键路径,第1四分位，400—2484,25,2.7899286290813605,2.956021192686133,1.0,case_069,23,2,0
1,3,单核基准,计算关键路径,第2四分位，2506—5980,25,2.710461456888755,2.9576736507311376,1.0,case_064,24,1,0
1,3,单核基准,计算关键路径,第3四分位，6300—23904,25,2.134566496631886,2.5065944207925215,1.0,case_047,23,2,0
1,3,单核基准,计算关键路径,第4四分位，27474—863040,25,2.1291347001028025,2.0132284922537504,1.340094966339873,case_068,25,0,0
1,3,单核基准,弱连通分量,单分量,16,1.5398949664957797,1.6408949700802604,1.0,case_047,11,5,0
1,3,单核基准,弱连通分量,多分量,84,2.6126662214724714,2.890274202565001,1.0012855280595387,case_056,84,0,0
1,4,单核基准,计算节点规模,第1四分位，552—1098,25,3.2040559141599587,3.5009378663540445,1.0,case_064,22,3,0
1,4,单核基准,计算节点规模,第2四分位，1115—3696,25,3.222448504480657,3.47320773183264,1.2497227910289512,case_044,25,0,0
1,4,单核基准,计算节点规模,第3四分位，3745—7008,25,2.851783534939924,3.330554061323292,1.0,case_086,24,1,0
1,4,单核基准,计算节点规模,第4四分位，7360—35705,25,2.986736006130375,3.361319298483035,1.0,case_047,24,1,0
1,4,单核基准,计算关键路径,第1四分位，400—2484,25,3.6096994548722123,3.938503375843961,1.0,case_069,23,2,0
1,4,单核基准,计算关键路径,第2四分位，2506—5980,25,3.517894978017223,3.924456443137444,1.0,case_064,24,1,0
1,4,单核基准,计算关键路径,第3四分位，6300—23904,25,2.6283812348717506,3.176772440855752,1.0,case_047,23,2,0
1,4,单核基准,计算关键路径,第4四分位，27474—863040,25,2.5090482919497283,2.3171912252137,1.4167917001058423,case_088,25,0,0
1,4,单核基准,弱连通分量,单分量,16,1.7438357635626855,1.8234347075266228,1.0,case_047,11,5,0
1,4,单核基准,弱连通分量,多分量,84,3.3181455568544034,3.738816147816605,1.1029151469108351,case_056,84,0,0
1,5,单核基准,计算节点规模,第1四分位，552—1098,25,3.6367569700855107,3.8581782566111653,1.0,case_064,22,3,0
1,5,单核基准,计算节点规模,第2四分位，1115—3696,25,3.7622016009143224,3.9754338981305044,1.2497227910289512,case_044,25,0,0
1,5,单核基准,计算节点规模,第3四分位，3745—7008,25,3.3024281583844717,3.603663904430007,1.0,case_086,24,1,0
1,5,单核基准,计算节点规模,第4四分位，7360—35705,25,3.5222678342355387,3.810801040232288,1.0,case_047,24,1,0
1,5,单核基准,计算关键路径,第1四分位，400—2484,25,4.279911282784189,4.794543378995434,1.0,case_069,23,2,0
1,5,单核基准,计算关键路径,第2四分位，2506—5980,25,4.211980553319723,4.8265606595995285,1.0,case_064,24,1,0
1,5,单核基准,计算关键路径,第3四分位，6300—23904,25,2.961778395055887,3.5009378663540445,1.0,case_047,23,2,0
1,5,单核基准,计算关键路径,第4四分位，27474—863040,25,2.7699843324600453,2.3910527029470257,1.4797764752330913,case_088,25,0,0
1,5,单核基准,弱连通分量,单分量,16,1.9078319297348307,1.927832110191276,1.0,case_047,11,5,0
1,5,单核基准,弱连通分量,多分量,84,3.8698339668421284,4.265340575705352,1.1681699646538903,case_056,84,0,0
2,1,单核基准,计算节点规模,第1四分位，552—1098,25,1.0,1.0,1.0,case_001,0,25,0
2,1,单核基准,计算节点规模,第2四分位，1115—3696,25,1.0,1.0,1.0,case_002,0,25,0
2,1,单核基准,计算节点规模,第3四分位，3745—7008,25,1.0,1.0,1.0,case_005,0,25,0
2,1,单核基准,计算节点规模,第4四分位，7360—35705,25,1.0,1.0,1.0,case_003,0,25,0
2,1,单核基准,计算关键路径,第1四分位，400—2484,25,1.0,1.0,1.0,case_001,0,25,0
2,1,单核基准,计算关键路径,第2四分位，2506—5980,25,1.0,1.0,1.0,case_002,0,25,0
2,1,单核基准,计算关键路径,第3四分位，6300—23904,25,1.0,1.0,1.0,case_005,0,25,0
2,1,单核基准,计算关键路径,第4四分位，27474—863040,25,1.0,1.0,1.0,case_003,0,25,0
2,1,单核基准,弱连通分量,单分量,16,1.0,1.0,1.0,case_002,0,16,0
2,1,单核基准,弱连通分量,多分量,84,1.0,1.0,1.0,case_001,0,84,0
2,2,单核基准,计算节点规模,第1四分位，552—1098,25,1.9979136421602817,1.9962049568912579,1.4821102269378132,case_069,25,0,0
2,2,单核基准,计算节点规模,第2四分位，1115—3696,25,2.0492239501975384,2.000489355392663,1.742232396961168,case_048,25,0,0
2,2,单核基准,计算节点规模,第3四分位，3745—7008,25,1.9386029716174766,1.9769248980912175,1.6053555691139583,case_086,25,0,0
2,2,单核基准,计算节点规模,第4四分位，7360—35705,25,1.9769255833355754,1.9987166030618373,1.8157717482631346,case_062,25,0,0
2,2,单核基准,计算关键路径,第1四分位，400—2484,25,1.975715091133297,1.9984469952734638,1.4821102269378132,case_069,25,0,0
2,2,单核基准,计算关键路径,第2四分位，2506—5980,25,2.001714808592111,2.004173910690488,1.6990489734245844,case_064,25,0,0
2,2,单核基准,计算关键路径,第3四分位，6300—23904,25,1.9630958437259716,1.9581082465520536,1.6053555691139583,case_086,25,0,0
2,2,单核基准,计算关键路径,第4四分位，27474—863040,25,2.022140403859493,1.989116999504368,1.742232396961168,case_048,25,0,0
2,2,单核基准,弱连通分量,单分量,16,1.7922965991395632,1.8553736080111656,1.4821102269378132,case_069,16,0,0
2,2,单核基准,弱连通分量,多分量,84,2.028451286863557,2.0006006167845567,1.7885969355916276,case_088,84,0,0
2,3,单核基准,计算节点规模,第1四分位，552—1098,25,2.8083967594950194,2.9603645020934244,1.5318630437431462,case_069,25,0,0
2,3,单核基准,计算节点规模,第2四分位，1115—3696,25,2.9170664961265214,2.961747264186274,2.167830861088618,case_088,25,0,0
2,3,单核基准,计算节点规模,第3四分位，3745—7008,25,2.7113240333486295,2.937178635212028,1.6112496629819357,case_005,25,0,0
2,3,单核基准,计算节点规模,第4四分位，7360—35705,25,2.803866392879994,2.9197494775959574,2.2649007163452506,case_056,25,0,0
2,3,单核基准,计算关键路径,第1四分位，400—2484,25,2.8656162637210087,2.98750438591527,1.5318630437431462,case_069,25,0,0
2,3,单核基准,计算关键路径,第2四分位，2506—5980,25,2.9233064869063656,2.984867684057811,1.6990489734245844,case_064,25,0,0
2,3,单核基准,计算关键路径,第3四分位，6300—23904,25,2.684092977990547,2.8450417463692563,1.6112496629819357,case_005,25,0,0
2,3,单核基准,计算关键路径,第4四分位，27474—863040,25,2.7676379532322426,2.682091966401558,2.167830861088618,case_088,25,0,0
2,3,单核基准,弱连通分量,单分量,16,2.3211339349575444,2.605290499055752,1.5318630437431462,case_069,16,0,0
2,3,单核基准,弱连通分量,多分量,84,2.9033118938920643,2.9718736057848316,2.167830861088618,case_088,84,0,0
2,4,单核基准,计算节点规模,第1四分位，552—1098,25,3.534075791559738,3.765855952700887,1.609731113956466,case_069,25,0,0
2,4,单核基准,计算节点规模,第2四分位，1115—3696,25,3.742377489550049,3.915089514066496,2.2943338564466838,case_048,25,0,0
2,4,单核基准,计算节点规模,第3四分位，3745—7008,25,3.4283108267699487,3.70548806032677,1.74625611805099,case_005,25,0,0
2,4,单核基准,计算节点规模,第4四分位，7360—35705,25,3.5563782165542537,3.909981698981382,2.2649007163452506,case_056,25,0,0
2,4,单核基准,计算关键路径,第1四分位，400—2484,25,3.7022236823347168,3.938503375843961,1.609731113956466,case_069,25,0,0
2,4,单核基准,计算关键路径,第2四分位，2506—5980,25,3.798590378506651,3.954142345770583,1.6990489734245844,case_064,25,0,0
2,4,单核基准,计算关键路径,第3四分位，6300—23904,25,3.3151769843413468,3.698433339525667,1.74625611805099,case_005,25,0,0
2,4,单核基准,计算关键路径,第4四分位，27474—863040,25,3.4451512792512746,3.408080726901403,2.2943338564466838,case_048,25,0,0
2,4,单核基准,弱连通分量,单分量,16,2.7705388711236747,3.3034040491736856,1.609731113956466,case_069,16,0,0
2,4,单核基准,弱连通分量,多分量,84,3.716665906819892,3.9158574530874004,2.2649007163452506,case_056,84,0,0
2,5,单核基准,计算节点规模,第1四分位，552—1098,25,4.04062929069447,4.441391879195391,1.6990489734245844,case_064,25,0,0
2,5,单核基准,计算节点规模,第2四分位，1115—3696,25,4.417993436518395,4.68018463567425,2.2943338564466838,case_048,25,0,0
2,5,单核基准,计算节点规模,第3四分位，3745—7008,25,3.9695377673745247,4.290713790713791,1.7853501876505407,case_005,25,0,0
2,5,单核基准,计算节点规模,第4四分位，7360—35705,25,4.236180114946842,4.637681480764002,2.3268215727244503,case_056,25,0,0
2,5,单核基准,计算关键路径,第1四分位，400—2484,25,4.402700518175778,4.801024308209754,1.774099774943736,case_071,25,0,0
2,5,单核基准,计算关键路径,第2四分位，2506—5980,25,4.55698770468388,4.846823653370178,1.6990489734245844,case_064,25,0,0
2,5,单核基准,计算关键路径,第3四分位，6300—23904,25,3.797595389249841,4.230763861670542,1.7853501876505407,case_005,25,0,0
2,5,单核基准,计算关键路径,第4四分位，27474—863040,25,3.9070569974247324,3.6983213203957583,2.2943338564466838,case_048,25,0,0
2,5,单核基准,弱连通分量,单分量,16,3.0710492174612893,3.658052036371238,1.6990489734245844,case_064,16,0,0
2,5,单核基准,弱连通分量,多分量,84,4.374663425702085,4.678387031429422,2.3268215727244503,case_056,84,0,0
3,1,L2共同候选池,计算节点规模,第1四分位，552—1098,25,1.0051793807999916,1.0,1.0,case_001,2,23,0
3,1,L2共同候选池,计算节点规模,第2四分位，1115—3696,25,1.0181761082615788,1.0,1.0,case_002,6,19,0
3,1,L2共同候选池,计算节点规模,第3四分位，3745—7008,25,1.0052498534925927,1.0,1.0,case_005,8,17,0
3,1,L2共同候选池,计算节点规模,第4四分位，7360—35705,25,1.00588152011112,1.0,1.0,case_003,9,16,0
3,1,L2共同候选池,计算关键路径,第1四分位，400—2484,25,1.0007242089656005,1.0,1.0,case_001,4,21,0
3,1,L2共同候选池,计算关键路径,第2四分位，2506—5980,25,1.0006402069631954,1.0,1.0,case_002,8,17,0
3,1,L2共同候选池,计算关键路径,第3四分位，6300—23904,25,1.0174066819764316,1.0,1.0,case_005,5,20,0
3,1,L2共同候选池,计算关键路径,第4四分位，27474—863040,25,1.0157157647600554,1.0,1.0,case_003,8,17,0
3,1,L2共同候选池,弱连通分量,单分量,16,1.0,1.0,1.0,case_002,0,16,0
3,1,L2共同候选池,弱连通分量,多分量,84,1.0102639472218105,1.0,1.0,case_001,25,59,0
3,2,L2共同候选池,计算节点规模,第1四分位，552—1098,25,1.0013691503428528,1.0,1.0,case_001,7,18,0
3,2,L2共同候选池,计算节点规模,第2四分位，1115—3696,25,1.0037985366938176,1.0,1.0,case_002,11,14,0
3,2,L2共同候选池,计算节点规模,第3四分位，3745—7008,25,1.0119312006156385,1.0002930830520969,1.0,case_007,17,8,0
3,2,L2共同候选池,计算节点规模,第4四分位，7360—35705,25,1.0025637347997827,1.0007356130250278,1.0,case_016,19,6,0
3,2,L2共同候选池,计算关键路径,第1四分位，400—2484,25,1.0013375719541937,1.0,1.0,case_001,8,17,0
3,2,L2共同候选池,计算关键路径,第2四分位，2506—5980,25,1.0017496447335923,1.0,1.0,case_002,10,15,0
3,2,L2共同候选池,计算关键路径,第3四分位，6300—23904,25,1.002639562240994,1.000197034628836,1.0,case_009,17,8,0
3,2,L2共同候选池,计算关键路径,第4四分位，27474—863040,25,1.0139358435233112,1.001025356478444,1.0,case_016,19,6,0
3,2,L2共同候选池,弱连通分量,单分量,16,1.0028400043343735,1.0004758625272157,1.0,case_002,10,6,0
3,2,L2共同候选池,弱连通分量,多分量,84,1.005311017761337,1.0000745833538036,1.0,case_001,44,40,0
3,3,L2共同候选池,计算节点规模,第1四分位，552—1098,25,1.007049685156696,1.0,1.0,case_001,11,14,0
3,3,L2共同候选池,计算节点规模,第2四分位，1115—3696,25,1.0084289173343433,1.000183154975274,1.0,case_002,14,11,0
3,3,L2共同候选池,计算节点规模,第3四分位，3745—7008,25,1.0211488147747685,1.0015339765627387,1.0,case_007,19,6,0
3,3,L2共同候选池,计算节点规模,第4四分位，7360—35705,25,1.010228850756563,1.0012241259362922,1.0,case_016,19,6,0
3,3,L2共同候选池,计算关键路径,第1四分位，400—2484,25,1.0051809123539501,1.0,1.0,case_001,10,15,0
3,3,L2共同候选池,计算关键路径,第2四分位，2506—5980,25,1.0012379584439706,1.0003741794586272,1.0,case_002,13,12,0
3,3,L2共同候选池,计算关键路径,第3四分位，6300—23904,25,1.0098950981150363,1.0006497140067794,1.0,case_019,18,7,0
3,3,L2共同候选池,计算关键路径,第4四分位，27474—863040,25,1.030542299109414,1.007606511742763,1.0,case_016,22,3,0
3,3,L2共同候选池,弱连通分量,单分量,16,1.0088565167477725,1.0009594921711562,1.0,case_002,10,6,0
3,3,L2共同候选池,弱连通分量,多分量,84,1.0122583622927965,1.000638213395796,1.0,case_001,53,31,0
3,4,L2共同候选池,计算节点规模,第1四分位，552—1098,25,1.0114274036999926,1.0,1.0,case_001,9,16,0
3,4,L2共同候选池,计算节点规模,第2四分位，1115—3696,25,1.014083213981308,1.0000645244547683,1.0,case_002,13,12,0
3,4,L2共同候选池,计算节点规模,第3四分位，3745—7008,25,1.034581744443196,1.0046015326364608,1.0,case_007,17,8,0
3,4,L2共同候选池,计算节点规模,第4四分位，7360—35705,25,1.0173063654609673,1.0035930496214636,1.0,case_016,19,6,0
3,4,L2共同候选池,计算关键路径,第1四分位，400—2484,25,1.011125483332883,1.0,1.0,case_001,8,17,0
3,4,L2共同候选池,计算关键路径,第2四分位，2506—5980,25,1.0053050030375927,1.0,1.0,case_002,12,13,0
3,4,L2共同候选池,计算关键路径,第3四分位，6300—23904,25,1.0216455889716576,1.0046015326364608,1.0,case_019,18,7,0
3,4,L2共同候选池,计算关键路径,第4四分位，27474—863040,25,1.03932265224333,1.006667127262678,1.0,case_016,20,5,0
3,4,L2共同候选池,弱连通分量,单分量,16,1.024364820088583,1.0032113680412744,1.0,case_002,10,6,0
3,4,L2共同候选池,弱连通分量,多分量,84,1.0183944174788009,1.001013942615343,1.0,case_001,48,36,0
3,5,L2共同候选池,计算节点规模,第1四分位，552—1098,25,1.0241038430222351,1.0041747993927566,1.0,case_001,16,9,0
3,5,L2共同候选池,计算节点规模,第2四分位，1115—3696,25,1.02232277129591,1.0003051693026217,1.0,case_002,15,10,0
3,5,L2共同候选池,计算节点规模,第3四分位，3745—7008,25,1.049291595235725,1.0145093953379167,1.0,case_007,20,5,0
3,5,L2共同候选池,计算节点规模,第4四分位，7360—35705,25,1.0241165659177953,1.0056001716124106,1.0,case_016,19,6,0
3,5,L2共同候选池,计算关键路径,第1四分位，400—2484,25,1.0145701868050245,1.0,1.0,case_001,9,16,0
3,5,L2共同候选池,计算关键路径,第2四分位，2506—5980,25,1.0182300635225563,1.0041747993927566,1.0,case_002,17,8,0
3,5,L2共同候选池,计算关键路径,第3四分位，6300—23904,25,1.0317092910113765,1.021613407689357,1.0,case_027,22,3,0
3,5,L2共同候选池,计算关键路径,第4四分位，27474—863040,25,1.055325234132708,1.0235310694659716,1.0,case_016,22,3,0
3,5,L2共同候选池,弱连通分量,单分量,16,1.0229860536221986,1.0060511591866428,1.0,case_002,10,6,0
3,5,L2共同候选池,弱连通分量,多分量,84,1.0312868158194817,1.0062148735909089,1.0,case_001,60,24,0
3,1,L2同方案,计算节点规模,第1四分位，552—1098,25,1.0051793807999916,1.0,1.0,case_001,2,23,0
3,1,L2同方案,计算节点规模,第2四分位，1115—3696,25,1.0181761082615788,1.0,1.0,case_002,6,19,0
3,1,L2同方案,计算节点规模,第3四分位，3745—7008,25,1.0052498534925927,1.0,1.0,case_005,8,17,0
3,1,L2同方案,计算节点规模,第4四分位，7360—35705,25,1.00588152011112,1.0,1.0,case_003,9,16,0
3,1,L2同方案,计算关键路径,第1四分位，400—2484,25,1.0007242089656005,1.0,1.0,case_001,4,21,0
3,1,L2同方案,计算关键路径,第2四分位，2506—5980,25,1.0006402069631954,1.0,1.0,case_002,8,17,0
3,1,L2同方案,计算关键路径,第3四分位，6300—23904,25,1.0174066819764316,1.0,1.0,case_005,5,20,0
3,1,L2同方案,计算关键路径,第4四分位，27474—863040,25,1.0157157647600554,1.0,1.0,case_003,8,17,0
3,1,L2同方案,弱连通分量,单分量,16,1.0,1.0,1.0,case_002,0,16,0
3,1,L2同方案,弱连通分量,多分量,84,1.0102639472218105,1.0,1.0,case_001,25,59,0
3,2,L2同方案,计算节点规模,第1四分位，552—1098,25,1.0029421100527656,1.0,1.0,case_001,9,16,0
3,2,L2同方案,计算节点规模,第2四分位，1115—3696,25,1.004454899441284,1.000022024733776,1.0,case_002,13,12,0
3,2,L2同方案,计算节点规模,第3四分位，3745—7008,25,1.0136083144224595,1.0004181545786643,1.0,case_007,17,8,0
3,2,L2同方案,计算节点规模,第4四分位，7360—35705,25,1.0041568269951635,1.0008157487493852,1.0,case_016,18,7,0
3,2,L2同方案,计算关键路径,第1四分位，400—2484,25,1.0015336570699374,1.0,1.0,case_001,8,17,0
3,2,L2同方案,计算关键路径,第2四分位，2506—5980,25,1.0018453143843775,1.0,1.0,case_002,11,14,0
3,2,L2同方案,计算关键路径,第3四分位，6300—23904,25,1.0046924833630009,1.0005575544508225,1.0,case_009,17,8,0
3,2,L2同方案,计算关键路径,第4四分位，27474—863040,25,1.0170906960943569,1.0018064860704214,1.0,case_016,21,4,0
3,2,L2同方案,弱连通分量,单分量,16,1.003248765762563,1.000576883801846,1.0,case_002,10,6,0
3,2,L2同方案,弱连通分量,多分量,84,1.0068699228641762,1.0002402557403407,1.0,case_001,47,37,0
3,3,L2同方案,计算节点规模,第1四分位，552—1098,25,1.0104757955111396,1.00010650005325,1.0,case_001,14,11,0
3,3,L2同方案,计算节点规模,第2四分位，1115—3696,25,1.0151807064247058,1.0003741794586272,1.0,case_002,15,10,0
3,3,L2同方案,计算节点规模,第3四分位，3745—7008,25,1.0243742023232918,1.0048403852441714,1.0,case_007,20,5,0
3,3,L2同方案,计算节点规模,第4四分位，7360—35705,25,1.012561474659187,1.001329570751544,0.99966061177687,case_072,18,6,1
3,3,L2同方案,计算关键路径,第1四分位，400—2484,25,1.0054253364140677,1.0,1.0,case_001,10,15,0
3,3,L2同方案,计算关键路径,第2四分位，2506—5980,25,1.003289982539426,1.0003741794586272,1.0,case_002,15,10,0
3,3,L2同方案,计算关键路径,第3四分位，6300—23904,25,1.0167799417464296,1.0082194282930987,1.0,case_019,21,4,0
3,3,L2同方案,计算关键路径,第4四分位，27474—863040,25,1.037096918218401,1.021127245425545,0.99966061177687,case_072,21,3,1
3,3,L2同方案,弱连通分量,单分量,16,1.0088787488509294,1.001137348996412,1.0,case_002,10,6,0
3,3,L2同方案,弱连通分量,多分量,84,1.016937434420753,1.0011320413535614,0.99966061177687,case_072,57,26,1
3,4,L2同方案,计算节点规模,第1四分位，552—1098,25,1.022384945597374,1.0,1.0,case_001,12,13,0
3,4,L2同方案,计算节点规模,第2四分位，1115—3696,25,1.0184367653454105,1.0000645244547683,1.0,case_002,13,12,0
3,4,L2同方案,计算节点规模,第3四分位，3745—7008,25,1.0386238456750576,1.0046015326364608,1.0,case_007,18,7,0
3,4,L2同方案,计算节点规模,第4四分位，7360—35705,25,1.0281907928262963,1.0050373222160034,1.0,case_016,19,6,0
3,4,L2同方案,计算关键路径,第1四分位，400—2484,25,1.0163210451813403,1.0,1.0,case_001,9,16,0
3,4,L2同方案,计算关键路径,第2四分位，2506—5980,25,1.0092796571657447,1.0008892841262784,1.0,case_002,13,12,0
3,4,L2同方案,计算关键路径,第3四分位，6300—23904,25,1.028726308911735,1.0090128843278232,1.0,case_019,20,5,0
3,4,L2同方案,计算关键路径,第4四分位，27474—863040,25,1.0533093381853185,1.0188841925267633,1.0,case_016,20,5,0
3,4,L2同方案,弱连通分量,单分量,16,1.0261177653670217,1.0032113680412744,1.0,case_002,10,6,0
3,4,L2同方案,弱连通分量,多分量,84,1.0270598153598942,1.0017556924733766,1.0,case_001,52,32,0
3,5,L2同方案,计算节点规模,第1四分位，552—1098,25,1.0392688922516227,1.0257775697106242,1.0,case_001,16,9,0
3,5,L2同方案,计算节点规模,第2四分位，1115—3696,25,1.03352764670665,1.0013854138665454,1.0,case_002,16,9,0
3,5,L2同方案,计算节点规模,第3四分位，3745—7008,25,1.0579962002913137,1.0115501815549865,1.0,case_007,20,5,0
3,5,L2同方案,计算节点规模,第4四分位，7360—35705,25,1.0351330252940143,1.008088558136992,1.0,case_016,19,6,0
3,5,L2同方案,计算关键路径,第1四分位，400—2484,25,1.0193659740565553,1.0,1.0,case_001,10,15,0
3,5,L2同方案,计算关键路径,第2四分位，2506—5980,25,1.0189854370869973,1.0009326424870466,1.0,case_002,17,8,0
3,5,L2同方案,计算关键路径,第3四分位，6300—23904,25,1.0506927811544513,1.035621761658031,1.0,case_027,22,3,0
3,5,L2同方案,计算关键路径,第4四分位，27474—863040,25,1.0768815722455967,1.0494806681879827,1.0,case_016,22,3,0
3,5,L2同方案,弱连通分量,单分量,16,1.0283365790855623,1.0060511591866428,1.0,case_002,10,6,0
3,5,L2同方案,弱连通分量,多分量,84,1.0439852243835837,1.0077994755544948,1.0,case_001,61,23,0
